id,prob_class1
eng_0d46cf5c8e1f037159cfd6c9dcde03bb,0.083890386
eng_0676b42cc5e76f3a2b7cf3b562676fc1,0.1351179
eng_f3ce74f07a4cd9ee1926b87b40b78887,0.083441176
eng_9bb8d97251cc86cf5943c31be5f1b9a6,0.03504564
eng_755cacee0509beb4dc49f0fa1fd5d22f,0.026657738
eng_9e29b6877b966ac9b226e9bd016fa592,0.9649544
eng_3aa28369c1da093e29ee4559f4a33cdf,0.49935913
eng_349848e9dc4fced9790b7cc4d9c7fe75,0.017442483
eng_e071c8bea882732757fe7032b4e04ca5,0.09594075
eng_a930dd0488308b34fe63829d521a2fba,0.13262686
eng_7e4f710ae205889db52e0e65e0b6e992,0.47797292
eng_65769bc701c5eadd12df9fc70047d747,0.013532149
eng_9e536cd80ac57adc4c633de9fb4423c4,0.011136502
eng_4b497af971fff7f9089721f71e1e9fc8,0.021698097
eng_6707ed27d462651426f11f9e50869145,0.0155885415
eng_6c720c2d8d0be8c903a65e347510f3c5,0.006903838
eng_4b226ccf9d1a918b9e06cad13d9a0fa6,0.009615036
eng_0d7e45a87dbf373827664e476f468f54,0.6993571
eng_286696181bcdc82a3398e28844e78c48,0.021553464
eng_f9b98354992f06cb68f756745167ee38,0.5080559
eng_7a94ccfd9cd6195c60ab69d0e5d02331,0.016152835
eng_cf46f271cd1634089a9aab3e06fbbf95,0.014742792
eng_595d34c901983a746c81b9d8331ff0d7,0.021532878
eng_03320a27f3de9789d3de39beb08c45e7,0.010150015
eng_ea73ac59bdd2ee2f8e8260a18c7cc97f,0.04054074
eng_02920e343f8b1ee72bd1b139137f9ece,0.6088557
eng_0c624c1b5e10ad16a854cde4ebbb4931,0.14566138
eng_f84c14e228867e59b250f1de37035303,0.17560875
eng_c653a418710f5991764e911dce915724,0.03216145
eng_124cae1be55c6c765052d78b628f9b55,0.13881163
eng_f7eaccaf1932a8996e0d0616f5e5e8e9,0.23357521
eng_d9d7368e6cc9a0e623b40f5d2b4cdf26,0.115610786
eng_3bfdb4cc0d020e691c9d10f25fe19eec,0.3530935
eng_f162ca5f33d50731f710cb8dc471fe00,0.007331598
eng_bd6940766b5e27c39bacd136af33a1c6,0.6199316
eng_ea2a52f43fb505d29831792c1c001299,0.57033134
eng_8d10cd5e62476b86406a96de439a6fa6,0.16572809
eng_c7d0060deb29dffaa12f966efc513c89,0.33220208
eng_dbba44264e14195d15f8838e66c25f1c,0.009936419
eng_a67673aaf5e7f1238a576c9f09716a14,0.0123361
eng_43bf1dfc1d02274f5706a96d6e74d1b2,0.025613915
eng_4ed114421c5fee85387d256a8e32215b,0.010328153
eng_8be475fca3f2bf9576017fd9b5ee2b32,0.009670992
eng_37cad289883ce890261842ab205fd4d4,0.02211659
eng_4c18a599301ef268bd934089e69b1a2b,0.06348236
eng_e58c01926f1ad073617071c4fad45c37,0.009708476
eng_3a736718031372bf61f0f5add1b9e9f6,0.25289112
eng_900dc5a24915ac1ed9da3d82e7cd70d4,0.021906367
eng_a69594720b78614db08c12a51b40226c,0.05660026
eng_e34d9ab6bad83fc217f6552639d022f5,0.46056184
eng_8f3d7cca1bd805da3ea328ad3f33de6e,0.06435884
eng_e4eb037d988492ddaf51d4cdbc028d6c,0.1509652
eng_d4fa0b77bcda356536e6de3857431735,0.012995414
eng_f0dfc21420632658a25168cb0a70ff15,0.046162732
eng_c07b8e662938dc222cb2e3dd1ee9b017,0.008364238
eng_3d7054d240b54424f19e84b71e438a1d,0.040313438
eng_deaab37d970bbb17e98b13dd795a87c4,0.010288301
eng_f7ae1a2b7a0819016438171a3901123d,0.014036571
eng_183866a4b0fbf8fd0dd82b6ec2029382,0.2874677
eng_e0fd20cd545e1b2d442ed0615ff38f72,0.009727271
eng_7edc1b7e9f37df47d9936df1d3b5770b,0.0212264
eng_d68ec1bb0075c92cfa3bb2550178f8d7,0.023689471
eng_9cbbccbd67ca382810f2b10fa1f3d674,0.02539547
eng_d8879930b867ef298a06318d50bee9d0,0.013584394
eng_698b4f10ff06a81b4567458e9824273c,0.007232764
eng_7b7ecde743494125ff4f9a4a39fd7d83,0.11526177
eng_d54302dcdf14a8f9b006d919a13d655d,0.012241275
eng_ed9d6571b4c0da698d0cc48e58bac7d8,0.019271135
eng_4c013c888914a302f0ba6efc17fbcfec,0.0107351625
eng_4e7c42d3f10b2886f2633300dd1955c3,0.016931161
eng_5f1d3650ae88c1bacfc093a35306ae50,0.0070254076
eng_259bb509a7d58ce744499915534eb843,0.22558719
eng_8ca6fd0802bc5ac8a3aac919151eadc6,0.01894171
eng_adc36ac158211338e66c142675a66eb8,0.0177293
eng_c6c7d62ac3b41bac6929b769b6c14ee0,0.006666932
eng_9d13ebe1eeca16f9fc6b84b13aeefef5,0.025687136
eng_08e9124cf5b13335eb9d246bcb374ab2,0.010032952
eng_9488c2f2a5224b1c4e9a02a7952f48f1,0.009898064
eng_4b576af45be4059c1aff71b566e1cc9b,0.021206118
eng_d3fad60f5dbebd94fd771be13c119a7e,0.010209056
eng_e55898e1bf4ebde8783ba11fc92317b4,0.013184649
eng_f119f93aa5baee7a936915c1a3014cee,0.009540926
eng_5ddc65afb00938e9c3940689cf5061db,0.015983004
eng_01c383d2a18da413a3cba1b201917341,0.16559312
eng_886298b0f809d944513405f0a2a9c798,0.21452682
eng_0a1ba5fbe736f5bcdc98826d15f21357,0.45850024
eng_3dc21d8bd629c72e6f064e1f64c61463,0.30197924
eng_d757e5fa7d15c128fedfbdb49bc68663,0.013636835
eng_651fa5b32a4299914e052eb378412740,0.007446194
eng_0844a94e43c68b1ab504f41e58bffedf,0.61947125
eng_34e2dc0ddce33d03d9d2623e1553f810,0.44489637
eng_b322bfb58376729daf0d9c5256dfa4c0,0.25155577
eng_9e52ccc7fc01e89c12882c3ead53468b,0.06572467
eng_6a96ef1b5a38779507d6e452803bee7c,0.012995414
eng_55e68a9d7f69a733edbd63f45fc27ecc,0.02678473
eng_de090dfa208d4c239e47a4c7db238f94,0.040087357
eng_219b2c5f49f697b7d3dae5135e4270c6,0.055668928
eng_658eceea74d719b904968a4dc1ce0f3c,0.10079008
eng_15d7cbbcbd68e877cf0fc4f5ff97b8e2,0.014131491
eng_930f32b284c0184092ddbe85f2b7caec,0.025711589
eng_bd3b66d94d9d513f4924411e6377ae9b,0.025035424
eng_69658eec15eb67c3638ef8ea3325979d,0.02688674
eng_0b7e2b061aa5fa5919a5e14d60f80ffa,0.016371552
eng_957ca6f9f2cd5514e23b2ede6da5f6d5,0.058776557
eng_aa5c41892c27fc270ab6c890c6772fe5,0.16324526
eng_c89e98d40fe1c5e5480d86bcc0251cdc,0.03807084
eng_a80c9ee008a17d356c48518e6fcd06c6,0.023330767
eng_667f2093edb71c9f05db1157b0c250ed,0.5065304
eng_7cfa3ce08a3b3f5987280db73a6296ea,0.015573562
eng_6edb561f97a5100faa04f95d0862cf0a,0.013558245
eng_63c31b67c6f3360a9f9cad2636a9892c,0.013402404
eng_0a117b1ce245e647f5c31124d89faeb9,0.078289315
eng_502150bdfe852c19661fbd8635f033e4,0.044472914
eng_e57c3bad840d99750f169f6e7b6c8f2f,0.13034077
eng_2225fd478e4d0bed9e0d99b6faa3f6a4,0.07682221
eng_bee74982c7591db1b1d20ec4f58d182e,0.01324833
eng_5eb1a5ca2bb8d37f38c240efb2ad64d8,0.022824407
eng_49ff2e03f5b9bd18a888502009e6efb3,0.02463338
eng_89a2a1217d5df8b6bbf92f51ae046cc6,0.40193716
eng_e5c89fc962bdb6fb86aeb88b5ce9038b,0.01324833
eng_e8644fa4a0aa6452bdf3313a201d883f,0.009540926
eng_b7d543baaea35a3b3b37bd46cc30e49d,0.0072047687
eng_6dabdcbb26d6838ee2073492180cff55,0.061199225
eng_3e9f871867ad723f3222b4cf3bb696cd,0.02426074
eng_c84ecb05b7f71932625cdf000e665814,0.014254464
eng_ff8f590952ae90564e889613946b6a70,0.020449396
eng_5be69d6f2b81f4ebfbf3854c9e8ae869,0.015365342
eng_f4300144388402251eabd50d9cc379d7,0.2780607
eng_2d3f382cdd1ae234f61cfc38e7d6e746,0.07403029
eng_aa0342517c6b782e0bcbe17f2254a8db,0.017359
eng_ab6395d92ac54cd3db94f1fde89f9a0b,0.015633563
eng_fbe65107527d3a799b03702c7e30b12f,0.540219
eng_8422bbf10f7b1f806d97adf34d7593e4,0.06797852
eng_15435a1becf1724d2311100561d630d3,0.035444103
eng_a948bd72d25c7994b6959accec232699,0.02209548
eng_22eda768ad17c8d8d752432fe595214f,0.12787028
eng_87bb951828aa21eab81a4b8c50c39a61,0.01778039
eng_0453b022c5bcd4433eb8dbea38c2f601,0.016230615
eng_4822bc39044a6b2622c7d6cf7998ae56,0.43782353
eng_a76a8d824cc6011c76276b274010e138,0.013597485
eng_856ed88e29949e8ffb0450a5016499b3,0.033336822
eng_9467fbc60eb6e01354000b5496091805,0.93558234
eng_70c8c521473c766d8bc9718315779f36,0.010228811
eng_f6d55803fc01f112332227b572cac894,0.007121429
eng_b7352193b5b6a8f7985b3346725773d7,0.016355833
eng_525b4aa6987409f8852132ca527fd9df,0.0773781
eng_990e633e152183b9bb441224c1425468,0.0072890776
eng_e4634f3747bca2f69a3a32767d652257,0.3715641
eng_d38e618fae2784b737859afbf9dae839,0.40447068
eng_5bfe78e3904c3d8ae0bbe4e6cd9245b1,0.013636835
eng_2476cfb5b01ad85f125a699e61327b0d,0.0493136
eng_9202fd823b94ac7ac24d6ad881e32997,0.026230346
eng_c9b6c2fc0796b360f993013a62ce504b,0.0245397
eng_43b13661adf6f2a033494e1cf41704b7,0.006837205
eng_40ef727eb29f6234126ea4f0bcce06d3,0.7796575
eng_102e050a83863229af8568ca8af3fcda,0.00997492
eng_98a0dcb21fb7aea1f1961c854b427172,0.031055551
eng_29cbf37f965b7f9d278e44a28cba9486,0.040654853
eng_9f0c4a4e09ea3bc1b6d9a71021f16cb5,0.15584777
eng_398d57c62594e165372a9e45bb9920ed,0.015693791
eng_10513df0555fa919b841133f05d9f647,0.25711167
eng_bc69ff7744358d824998cd99caf844cd,0.6975832
eng_613c0009df1c61f1e96707c7e3fd1fa4,0.052182533
eng_ed05cd142ff582eab570da0bb7af355b,0.011642225
eng_524dbfad7a186ba6e50d1d068163fc70,0.006277706
eng_626628ddfd3d2f0782f307f4869113bf,0.026810195
eng_634f61c7b7c9981cf06265d3fd8237f4,0.014406197
eng_30e8d880925f57f90146bd02146abccd,0.010881333
eng_187b8bd1e8ceb1511d4b9902f27727ce,0.015000313
eng_f5e2e82f2de4c82365e9e71f6a2f95c1,0.009268014
eng_e1e7ffce50a7f071567cc0ebaa498197,0.022222439
eng_1c6c9e9959fc7c090b65ec353b6a20c4,0.020274078
eng_1bb28a42da02c587a47d892744033eff,0.016817752
eng_733899384b2ae68757b9c90c47a48228,0.013146586
eng_0955baed0057e05b0147c507c9033137,0.009936419
eng_a0ff5c5d0666bcc44907502537b4a18c,0.0374323
eng_4e752c328972df1bae48d9a4d155677a,0.06052939
eng_d399509db9f2d40c0ae672a79b21d93c,0.013299493
eng_c305a16c1728247188c1c2a0f31c596d,0.024609927
eng_81a74fc16bfdf2b7cbd5ab3c3a4ed514,0.020468965
eng_53a70cc36d5dbf09f9baa4d9d62ca021,0.0067712096
eng_7eb2d60ada068ed9f83c1a4048c299d3,0.030792167
eng_b751f62e2c321ada7cfbf9accc59814f,0.028761588
eng_b7c86d550e6eb306b962ea97652f4016,0.15002882
eng_61b45b760fcdb3f4f120337be4d6c49f,0.014254464
eng_dce88cfe44e945709fc5036562b594c2,0.027927876
eng_f60410721fef7484d28727e4b6a64d99,0.28487432
eng_bb16ae55721dd0d5a06998bf7034cadf,0.1640472
eng_9fb1ab88524382db311ea9ec191ca999,0.04922211
eng_8c6968ceb59f18bf804bb9349aa9b920,0.01217063
eng_ac43b31b72756103aeb0a746531e1846,0.011664719
eng_ef552a2106e49cbd9b5f803d7c82e86c,0.029367855
eng_d7f737e27390f57b01093e3eb014ac8e,0.3544331
eng_689172776c06d886209fc792ad69a0f2,0.019946933
eng_0fe6a37502da8f89af480449d5352c7f,0.02023532
eng_f9ba50f607b5a1cbc65d5eba6f34227a,0.013273888
eng_97dbb73b7175eef8cd2ed27226ccd48e,0.019966036
eng_094e5a1af541100dc3d9aa0e4e436648,0.051130094
eng_ac3be5bc61be367464ed45fd7f21a693,0.04189131
eng_62722cf0eeedbc273010ebff2589e572,0.5669778
eng_c1bb28b7e0baf6447650838d122e1c40,0.013969155
eng_ce921ea1fdfc25a1769e3ad39b642eeb,0.015891112
eng_75982a8fbb54b4ed6c6506b5e905d036,0.012359919
eng_005bd8c1e3ce73be9b842ea712cd435d,0.03038675
eng_a839a0a18a9388780d2075e87a30f420,0.012932934
eng_6291dee900f97c49dd0da1c3859408f3,0.02865267
eng_f8ace5a99ab6118436b42dba9164bfad,0.034880888
eng_f4f4809fa4b7c07889b54014c979fa34,0.01802074
eng_ef047f00d834c9e89a9e5f356daea25d,0.021906367
eng_9b202597ed6200cdedc112e054357b2b,0.0074606435
eng_dd96040ae03dae211ac686855377267c,0.0076956474
eng_cde1290a0bc2cc2ff8f4c8f1733bb7d6,0.42179736
eng_c16f78beeee5335050197e03a575be66,0.021368887
eng_521977b6f8f2875e3ce0b218de466fae,0.091544405
eng_d307511995f1d947c5f5e475432beb66,0.057018865
eng_305a432b5ab6fbc28930be4af56bdc6c,0.453988
eng_4e59daac4ce2458e82453b99bb9cc712,0.7685595
eng_31249130acc1aae798af121faba2e17d,0.08929565
eng_3a7f0661a909b73fb8678e1ca5d5461d,0.7679075
eng_ba1b5d841740441a60013e2640646494,0.32127365
eng_258e38097ab60f7b5abdc5b903772f39,0.30113074
eng_726047ee701e2cd2f6b06bf75f2bdd83,0.28125754
eng_6658d8d873da3f45dfea1d6397880661,0.22055222
eng_7a6a0cba5f9ef130ae41301fe4b75e2c,0.26523763
eng_d4524e3c68025ba3cb7e2bda1a9672c0,0.9166335
eng_add8f803752d8a56640190e5efb8a93f,0.10875559
eng_452f83309aac8515b1f4eac1f3101df2,0.22789863
eng_e28cf7a9fa5da0b8390ccf9def1a8068,0.06359858
eng_4beb2ea20a607485f7dea283c7dd769d,0.06681233
eng_48d44b1c7b34b453ed4d2236592b7b1e,0.36596635
eng_3cab0e955a64118cd4120be29d182181,0.14487323
eng_6a5b44c84a2dab47adff083a86749817,0.24676017
eng_cffab7a778292579b4d056f758e13646,0.12064587
eng_c83afc9f11f3eb05a1398b21238851ad,0.33627656
eng_474856cb8a3d6b700080dc9413a0c7d1,0.023644341
eng_430b8ce4f0b5a1b13a1164ff2f0e400c,0.39347243
eng_a6f70183e664481b8263586162b57076,0.09649274
eng_2f512f502ff78ea65a075cd849719ad2,0.14110379
eng_9dfbb421d6c2109fdf772c4cd4406673,0.092523664
eng_7b149d2a159f99253ce368794ff29029,0.3950175
eng_87790789e39d242db77d754986ee1e4b,0.008046387
eng_8434434c4ba8faf8afcbc78520656b01,0.48529476
eng_21cb3710d2a2b8c87232d29cfc8019c4,0.06638737
eng_495598e5079becbeef0f4467248cc079,0.03608394
eng_6dc232429075c38beb0395640efc0184,0.02732453
eng_6d9596ecd745b59ae45ba838e83fe98f,0.011642225
eng_4a8801639c944fe8d759b9fefe7fa2a4,0.0877591
eng_7b94fa1f010f95de69ed1e980adf07e4,0.30450684
eng_de92cf66febcc524041ca38d64d6a65c,0.016833909
eng_6f5f7f616cd62feb3e8a1c72d7b84acc,0.024821788
eng_d6cf6dfd63ad1429f23c71389c987d1d,0.01046884
eng_a3419e0eb29d58918b720f60a476541a,0.016340127
eng_7c3c46810085847d2434850611681a33,0.083815366
eng_a719deb118d4354285cafcebe913507a,0.26702574
eng_afd5fb184ab7158a7a0ae20430f7a3bb,0.22996725
eng_a53b65d8071b355afa40e4d78c080798,0.01678549
eng_7ab69f15328009bbea19606feeb411ae,0.017831627
eng_9a81c72f093da4be2ce5ad2473717987,0.35879526
eng_af8c69b804ff12e9ad24b81c0c38dca0,0.062216982
eng_ee40ed95efdfd53cb2666114687ffc27,0.02017732
eng_4003ccbc231984d178c62ce28c5b0fc1,0.022824407
eng_3544e6f84a7c22e0630ed7e4dff3d613,0.0118005965
eng_f88f134a742eb6f19afb1f567afb1a33,0.042802144
eng_23f2e044749d4d8bad03c9876f517063,0.0131973615
eng_597b598c8a1035c22ef5460ad7505906,0.016090874
eng_128a1203d16f97eea4215d0229b9ab1c,0.00809329
eng_6f86964906c8ae66a2011f166187ca02,0.018316885
eng_f4073bcf5b394f116df5eb03ff6c2eef,0.014871003
eng_0c6112f523aab3d2b0d07d415698ab70,0.013273888
eng_abe9f2e00325e1ede5696607248ef230,0.044224583
eng_165f798724f6a25e948a48183860dfd0,0.9685601
eng_a18487dc17b659e6c2e6b4096563803d,0.15713686
eng_6d0066dfd2652a5ba6b5a33065f2029a,0.37420452
eng_5b26b18a22b69217e485632f06100106,0.6788595
eng_f76071622d0516b4be8690ecca26b7a8,0.25813892
eng_3e3854e30d5a0b664ee643950e8a7fe0,0.64269185
eng_e724de7814a48e0e9fe84fbdc6a375ec,0.020984294
eng_6c279b2dfd57804368b09e432ff7ddcc,0.39348698
eng_5859a143e39f0e5928d6b338cfde972c,0.19284318
eng_498938fea035f10b56db43f7c61a217a,0.01572399
eng_8ba83febd8b42d7d1c849b49c0436a01,0.03715183
eng_22dae323f2b3399846212d3c4c93fa7d,0.005281334
eng_2f3aa455eaf01fdc5e68e00f4e105124,0.010150015
eng_cda74cbe92291c6f91011d8771da807b,0.017797453
eng_7b5454a2d220f065630a8ac988cc923c,0.013428254
eng_341b5affa0bbf61d9a413c4cf6b03a6d,0.0134930955
eng_586aadd4f58603596600dc3335760a97,0.11511248
eng_38fc1d387b0ad9e1e94d756971c7f560,0.027980948
eng_1f17045066135d6aab191c2b82e446a5,0.010818449
eng_74dc46393773189b80b3140652f0219d,0.012527932
eng_2852459955ece13205f6b15dd7f1f269,0.013146586
eng_6e9c7415caaf347d367209b520730c52,0.006265534
eng_1b36ba28b706edc848b9153339479413,0.016168362
eng_e9a2923b22b0b7af501425b5f2691931,0.007403014
eng_615080550e863d9cdcfb11ed02e50b55,0.0062170783
eng_a9fb2e97f3a77792f7997899d34b056c,0.0051296344
eng_7479fe9f449ba37d19ca62fdf3cbc079,0.0054692742
eng_cbea2ffa6985ab478026a358cfb20f32,0.009002838
eng_fc3a7d6e5f72db6df5e4a721f5e19a59,0.012600625
eng_53e571030ef2500157a31e981f667182,0.48880956
eng_0ebccc48abf402edde36ffc1a9dab4a0,0.00795339
eng_6bbcd4aa7d21090a81b6c16b992f1e9e,0.029090757
eng_f8b6b5243a5d94eaab54d8b43a2829b6,0.01812472
eng_ed09791d0ca36115eb0d9d6cc77cbe97,0.015469108
eng_e03465ce843569596a7f7ce49e9873e5,0.009652304
eng_7989bc481c04fe280e41e866f369a615,0.011008186
eng_0d6270fe1c840f5e4eb9058180b8e987,0.08593914
eng_756a24734812cd94cf6e905e1a398d11,0.83155376
eng_6424e9b37fdda6d10ed94e5025d5f8eb,0.024122424
eng_615f8e2e51b10af040ccc56473c12b0d,0.03336831
eng_9eab32906e280c202483f4fc6c08d7cb,0.021368887
eng_67736569612c2e124cb6ce53444f8cfd,0.00932197
eng_79f5e546996bea6b7e6b77e5bf361d20,0.6991517
eng_3a533edb308a7b9450235ab58cd1ebc0,0.026506124
eng_d403ed2d7071f3d8afc21fb6ce89997e,0.0107351625
eng_e4777033a39c92102ff03fda8ecec301,0.013210084
eng_3879c462933c521dd7cc1a567145536e,0.016137324
eng_29285c65be0aacf10c99cc4bcb65a617,0.1203354
eng_3a02f6ce5ecbfe54c3a87cfb30305abe,0.28957257
eng_b565e6fbc1f559b4faa3fd4845edc0e3,0.23629588
eng_178b134cc7d155eafe4d1f34d69c50e4,0.010590936
eng_d61ffc0e9fac00d48b1fabf23ec3dadf,0.015952317
eng_d13092f9ea3def1403e08ec81ad69f34,0.82275945
eng_9fb478436256802f88e65ad22a8e0ee0,0.2657852
eng_fed78957985dfcf8846de7e7484ff399,0.88996
eng_1abf2b8f6cb4c14a9165364720f385ae,0.009783876
eng_b8aecc819ce71a12b10e984c7c07b1f9,0.1633787
eng_f25d0f0dcda23e9eb96c933e63e23715,0.018546565
eng_17be638dbd4538b428a9b994e8da5e6a,0.010308208
eng_f0384048cd403538035f72577b180225,0.019456575
eng_a51a16d7fbf1c99f3640978808cf0c63,0.06730107
eng_f29541ea922655ef11fcbe7d4378a1b6,0.07723878
eng_3154700e59cc7ddbde978de99b6f8e91,0.0094490815
eng_247c5bd32093e400a195d7505240006f,0.4803187
eng_1f6ab894d162e6260e935a188d334f1c,0.93721074
eng_b1669d3f87cce7444e807f6dda22a333,0.08464395
eng_06ef173f1822b69e0a936879dc10cb7d,0.019456575
eng_f06a44d215ed1bc80707463e4a6c71ae,0.7972413
eng_2a99c9d66b0a2e5c41ba8a77fbd6a1bb,0.03027187
eng_fd6da99d92c60a1008f7a2c4f86b9fe1,0.04189131
eng_e76a8d271ca9e68c36d5a735886300bd,0.11456651
eng_c249702ac23342bcbcff1f18294a467c,0.5277729
eng_f4b1eb00805dba0d49db21043aceae6d,0.012552118
eng_7a3126794542feff6a2a33de448b5776,0.12759827
eng_ffe57990fc4063f259443f7ca44ff1ab,0.045437217
eng_534285da47ead2d21eeea031ab0138b9,0.015543648
eng_2290f52f4a13ad903f48e2340e6693cc,0.15304215
eng_da8bc2d4433e47abcac41940bb4927fc,0.009196552
eng_6f1c470e0e029d3a24f8b0b9da3fcb87,0.012771868
eng_ed53a809e5a0252e839cb8ddf4243159,0.26022494
eng_f0b94112e3cf99bd7dc8a989d8eecf3c,0.020744892
eng_435da451232ee15125b8099c6720ae90,0.0124797
eng_903edea5f7d5fab2a6dd22f5761c0ae1,0.015921686
eng_b649c5326e9498a1fa5fdf8dd36d6633,0.02761149
eng_e866d71dd7a4b6737589b4a377640b6a,0.009802816
eng_04c4648057106c7a9ec34919467ee34f,0.012407694
eng_c90cb17f73dab912abe524f6d8465c4c,0.0131973615
eng_331afae800fc7eebb6cbeedea08fff2f,0.7092709
eng_d22546930bd1f0c70e309314be4d31fc,0.28529727
eng_b34bf28f57fda5d21bfede9a8b3d48b7,0.24876224
eng_70799dc9d20b510e5356ceb411471b2a,0.10048072
eng_8729651941741a78965787e8f20030af,0.0708162
eng_ad57ce7d71a96510a29293db1fe0b437,0.1694746
eng_fc1afa3748b1e3459f14ed91af888b89,0.35916746
eng_6753ebfda10ef1784524bec8fd31e8f3,0.03237491
eng_3873d445577f5ac16eb61325957ab75c,0.35426554
eng_51c5fe5daa1d773814a91e2a449830c8,0.017644463
eng_a81d560f654981cddb8d5be8157fd444,0.16085833
eng_faafb076597f9b874af94458771301c8,0.017409043
eng_258f9bcd9e6d678d48c89e9eea734f4d,0.010368156
eng_7d57315c30213672d0dc7af1400cf702,0.017012624
eng_0863bc9d2ede58447b6f48e341ad50bd,0.5910743
eng_32653c0b3ac33455b4ed80900f435421,0.009285965
eng_d7a0bf25196f8bac28d41eb5336c6ff7,0.31412944
eng_ee00488f0779fde2dfbe1d88dba7c5a9,0.09653531
eng_0d4d4821aea478d0e4c5d05445fa51b8,0.020332353
eng_7e7604fd47fed08dd7dfb100aa4ed06e,0.032497503
eng_f86d4ed7b53bc96db22dc39d002526f5,0.81530607
eng_36bd21fd8d868dd4ed244ec6e4a2a7e6,0.12683924
eng_32ca0799fa1ea096dfdef4f2b9c99949,0.010150015
eng_085066d86c16e5a94b2c5834512caa3f,0.024145423
eng_715c2117a1f82d23d829c97c0f84e347,0.020138742
eng_870f867e69402032390268cdb47c495e,0.016866265
eng_ecbe934d3f87e916c8257c0dc1916d65,0.9119669
eng_d55d915592f66a6219bc52e0a5492d35,0.8152325
eng_2e64ab706878ec2f38351f8dd62b989a,0.79486305
eng_bc973d5fb976d040875537b8cc172351,0.007922627
eng_efa12247e100f5203a6facf8b666a39e,0.82942295
eng_df0c37e3e34ce3205c221b2d86558456,0.51683265
eng_a0071df1b556afcfc8d6b603ea6f0bd4,0.009878942
eng_d343fac9f0cb13a1382e14d1bf7ab90f,0.024586497
eng_c2b0c4c37c1f1e821edbe244c0b68908,0.016737208
eng_00f73487b842d0dde5ab8ce0b3bea9e8,0.011777842
eng_efe29efb9e7bbaafc3f195f58d8a27ef,0.01498589
eng_c90675a4d9459d31159f0097707229f9,0.014601612
eng_f28e8068822f6d1be74104b39b116e66,0.014643826
eng_de7b0f6fef3eb05c1ab141e298180c62,0.01664105
eng_1f8ce63104ac2754049fe402905b5e39,0.025687136
eng_e4fbf31aa7fa61e8595ec2b84d99f13d,0.019271135
eng_7b2fef4d68bdd6f99b3bfb3718d10c6b,0.486301
eng_6b0335d4981bb8e10ad3e8e62295d194,0.5553749
eng_c42ed6be877ba8d3c1090ef7dbdd57af,0.8482822
eng_4af413dbea43bf635f557d27ad73e949,0.006438102
eng_e60440c907fb84a7237ae026058ed538,0.9207897
eng_04580ad53363ee20b9186aed1b0ef167,0.026006784
eng_bc68a2ae3b53bc2a573399a1b2721c1d,0.011441684
eng_83beb52973ce06626fb226c5d61852ec,0.009670992
eng_baeccbee4fa78cd6bc7f3fd5315224e8,0.005169658
eng_21147de97253e16ea696c58417635789,0.0046909326
eng_25a6e5fa3a1d03821bf6b49aa9a04eda,0.0067188703
eng_7888ed8efbea538ca8ad7620e6cc1a51,0.009936419
eng_a69b224277e7b95fb7a0ac41e7544a76,0.36373162
eng_04ef4a81dc32651369e15da5833e2c16,0.00818791
eng_7345d94dbc2c044c35e1556f2723cc1d,0.0140500935
eng_be5922b6b76648208d4ae179179f200f,0.0076956474
eng_9476f5058c9a592ac029dabc35e85b90,0.008779109
eng_ec18304d31c2f114bbee7ef70eb0684e,0.010368156
eng_f27475571a93210bdc26ba9494cb2433,0.032313783
eng_574d39d498b754de8ba5da8c8592f8f2,0.76401234
eng_26d70b5fd1530ec50869b1abd6248a44,0.09534946
eng_7b5661b3afac69757702cfb57378666d,0.79454446
eng_66ad8876521f43d9d0a314cefc92f6a3,0.029035643
eng_acfad98b09550077a788bc5511ff99a1,0.012895588
eng_2b227428338088368fcd2e7cd15e6c27,0.15291563
eng_905d7b78c7d1c7ed022fb30fa8f0a0eb,0.404478
eng_e94df4fc33ae854e3b8b4fd8b310feb2,0.0049245106
eng_46529b4ef2699c4002163bd123207532,0.05959219
eng_adac124f8846989a2dce6c724e0bd181,0.03861093
eng_c2e348674d074b147d3efb7c11215b48,0.9605836
eng_13bb13fb766f9e7d4874cd5a93e2e21a,0.0135061005
eng_5bee6a8720d6214b62022e93db870010,0.016403032
eng_7c093f67ebdd6c65d8a8d24890f21de8,0.118742295
eng_63669ebcec371faa0049097a95842763,0.05223086
eng_6253c6dc2689ee666765d458ed997ae6,0.342764
eng_5904bca027c78e7e65256aca48a51d68,0.022499971
eng_d818b1586579f93f8a0577a68455fea1,0.27761984
eng_369d0baacd25a697a97851cdb60257c7,0.33668536
eng_19e223909e3bcb4a20af6637242038d3,0.20866227
eng_ee281f4322a019a1ec5035f532a90b10,0.011619772
eng_094972faabfbc7bf82d4cc399bcceefc,0.27043205
eng_ddf8cba836372b62af67acf11b254756,0.09488717
eng_f24578c1168a1eb2567a394bfb173200,0.10828321
eng_28b719f1967412a001239c736d59ab6f,0.025250848
eng_5a3fee1d8b6122b4b23f2d875c971050,0.014009566
eng_0cae4b0f6aa513b8a56efa73e723cd1f,0.019142363
eng_f13d92c149fd1741614ea1bbf8870317,0.010986943
eng_15786a6c2703098bac912ca6f34c6362,0.009689717
eng_bb284ea85ce00bd3a72c4d4cf5718fc3,0.0107351625
eng_9d334379867fa912c11120a074f9d1f5,0.51225036
eng_0705305ff1fd3fdf1bafbdf7b5f4be9e,0.10899246
eng_15b113b22fb65fb859e3cdbc86d39a0a,0.26549944
eng_6d577220b34fab38f21c4708be8f650e,0.013902058
eng_6afb05599128417bc4168e6f1c55cce4,0.97836393
eng_12b5e65ad333473f467db848724c4a7f,0.010209056
eng_edd8728422fa5dd9c906151befd17752,0.034782395
eng_b03c1445e8f6a2ee86af59996c6943b9,0.1999321
eng_9252a66643594b513e8709553c6856a1,0.017627545
eng_947f67e06f42091ea7079241d6b0c6c8,0.00795339
eng_4ad76f1d8c55f1c263148c34086f9538,0.01498589
eng_c2dd87b7a6eb27b83ea0411bf5cb55dc,0.010755925
eng_34182f547780c6431eba8fc20ff7c24a,0.012600625
eng_4e7f7a699d05c333edd91818e109bd93,0.0121003855
eng_785fabff51ac40178148655cac4710d3,0.055361696
eng_7a0f9bf73cca27f70c8a2b1b9d9135b5,0.012217682
eng_1af41fb767eab07c144018215ca88758,0.010631946
eng_7e7665a95c9a436142bf6971f0e58bc4,0.014601612
eng_196a1e12631d27f01b54d0c202df8b73,0.98527133
eng_59a1f84baf15b56d6d4f7ba5f6d29509,0.032283258
eng_2e4961c15ef6feca65620ac423d10c18,0.091625646
eng_65203c6825faf3c9f57c55375d507865,0.2206362
eng_b81c8fbc5aec8e0154f52e26abb5b4a1,0.31647488
eng_854762b80a98fbe798a0a787d3b23c8b,0.026556572
eng_9a5b671bd5e6dcc70b618ba9d34b8272,0.7325918
eng_490ff47e95b52b6a62e47d730a0330c4,0.8035595
eng_92bfffc7e2ebe7d652ae0b95eb9096ae,0.34086904
eng_93732d913dabc8e2f3f6ae47b703457f,0.25376853
eng_0cee05afd8bf0ac2c80e236271c31a5d,0.0262553
eng_19ed9c2744dbbaf06dc0adcccbb228d1,0.086169556
eng_e80c2aecafed1214a46fe717849d4a3f,0.04405976
eng_d1e909bd79e1f4d0bb39986e8d4b0758,0.49227968
eng_197ad35b44e24a2ce04ab295c155981c,0.02335303
eng_edb2db024fbdafe23c46c255ca2dcd4f,0.033716537
eng_34f954789fc93c2f10deabe3e5cf98bd,0.039084956
eng_12fad2da50f344071bad7fb21bce57a0,0.028409066
eng_74f86480a2f00e87bf6a9cd8b560ef08,0.33128196
eng_2483bbeb9155738b14b59c60a10cb7d4,0.027066177
eng_0e12f63daf263708f6cb913902e47d49,0.06797852
eng_63c58ac9423fdc831215ccf0704039eb,0.8872046
eng_0f1a5bce4daf562f2347a3dd9bfc3c67,0.08609268
eng_c427e289ff703d5f9604c9bed922d921,0.8308001
eng_ce7578e03366d42a7c61ef1cfe087ffe,0.63571733
eng_e2e292cc1058e6e6fcaf53b628f8be32,0.7163179
eng_0247a09078715b5e7afa4d6427504d7f,0.94407386
eng_03d4de8abb7742ba51df0f8060f74d5b,0.0986857
eng_4fac6ae26f232d0a108b60d4c941ae9b,0.23890516
eng_77cdc6c4351100e368f55e73694c1655,0.608843
eng_02a2e2b6a9bf57b9cd3c22790671d3b7,0.03659692
eng_97b57bcfee9a1d9ad61dffa1c5f95809,0.45595554
eng_b92a68844190909f716128b81811a402,0.69461346
eng_c211bdade164bcbea11bd6b2106a3a08,0.37625062
eng_732f0f89436895030118a8cada4438fd,0.44004118
eng_65709f43e98bcf3f901177ab20815192,0.2686535
eng_35c260730bf5829b7bdaa2212a0a2488,0.50061035
eng_c61801e58ee6b65b914edf4c310b0af3,0.55615854
eng_3e46c5ec9d020d75d73af5964477ece0,0.31837916
eng_de090d6f939a41ed9aef0ed7d67174cf,0.19923009
eng_e5bd7674194165ac05991d5b2eb3a6ba,0.7692537
eng_d12655657d8d13dc3142d8394caa9fec,0.2236313
eng_2ef72d70c38fe980004b21b0f81d10d2,0.11250255
eng_48a5e0ea25198d0c1c047be0d2f4af96,0.019606182
eng_87a6e02080326ef876f9a7ef6ea1f74a,0.9090225
eng_4c8b89961d94508bb1ae437a9515fe8b,0.5458305
eng_7b583675b3199234257dd0f4268b84ca,0.14487323
eng_68358cda15063f0a591d624effc423f5,0.06596494
eng_d676615fc469a4362c763ce2a8bac0a2,0.19375686
eng_ee9d5cfd24af3580b193ec1e115f3935,0.38028416
eng_7fbe06f6243f1c69558d6ae5f64ae3f5,0.058078147
eng_8bb54b6f09ecd6df4888ff339a1f6c55,0.023644341
eng_fa32a6388fa1c8fc26c4247851001155,0.008660931
eng_d4459ae52e6e8a539b518eddd4a500a2,0.01877907
eng_960d5097daa470e270decb9036def439,0.8100285
eng_cfd9e586a52e57dc14d1b9cd1a63ff91,0.010881333
eng_f87f1da3a3b4ed9ffe61dd77780be35c,0.36738378
eng_fe7d58a8f5a6cafd00645d7fccf3c492,0.009783876
eng_f73c6967fb08026b3960ea7da94cdee0,0.041462272
eng_9a81f6223d5a055a650308aea35d90a2,0.018815093
eng_a6cb03ca0e98cbe7172e0af6c5a77ad2,0.017661398
eng_045ad788bab9ec42a190beb99c447767,0.015967654
eng_a7e1261bd8aa3e2254335ceaa7bad2cb,0.008140463
eng_3833cfd7ddad53bedf313beb8281b97d,0.009250097
eng_92cf9ae13e445c4be9a67ed69b1b82b1,0.87261903
eng_4b8e8fbb806ec4baa1846bfdd5af18c6,0.95783347
eng_adc923f1b5e59eb217792e6ffbf18506,0.25450897
eng_120ab856a2c7c0fab4e7915b7e433aaf,0.7886646
eng_c9f7d1dea100be990c058f965e7ef595,0.015043661
eng_e85cad7ca6a66dd60da935b91492fffa,0.037999377
eng_68866b37972b87ded1d5aae243448c20,0.017209712
eng_de0ff8bedf893aa80f72ba40d19ec9fd,0.006930672
eng_e64dd63e2617db24911756703daab1e5,0.08419108
eng_f5c50950462d88db8218edf080a53823,0.026657738
eng_842ba1150ea21a0908cb274abf85c147,0.008172064
eng_89307c13cb53bf48b34b6e626ab80318,0.18914635
eng_7c114aa9ce48c84f97db663c84bf04ae,0.014587567
eng_b4b084349fdf93c1064d69f41e532e70,0.008813167
eng_b3c54e23ccc3ab7745ce1ec57ee9d20d,0.016593177
eng_10d2a0e54b5a290aac685bf8ee68adb4,0.010348136
eng_1165ec2a0d41d009e8e24d25952f788f,0.018511044
eng_29a3c9379db6fff3535a8f42978fc8c7,0.029173618
eng_285acfa376abf69bbde72fe456df32e6,0.010611421
eng_88e264ac6a56b77196ef0e75e214a318,0.0075772414
eng_6044d7ccfdb7204a0215b3d5dbf2a5de,0.077727415
eng_b474f5b436d55d6222c9001f22aedbed,0.0083319
eng_e5c9e21243d8574f61d72e22565f16aa,0.014227046
eng_fd2bae3b34e17cffa2c154eaa1b76490,0.011777842
eng_f9c823ba20b03301a0e01230efb32ce6,0.01214717
eng_a26539caff4414cb0850b2f90391711d,0.011597362
eng_1884cb3909c7cd8ae0275489b9b07778,0.02317551
eng_2b67aaf118d109b704c227340b283fa1,0.046378206
eng_d6ba138bc09aefed16e320e6ab683f42,0.38280457
eng_dbccd3916f4b046e5b6343847ccaec04,0.07263671
eng_f8db8fa91f9610b8080e99e4b6327ec2,0.10762492
eng_7d54e2ca497e7b2e41e632632158cc93,0.7869095
eng_c4f04427b9b1055b098912be97f42d09,0.09734748
eng_6c9c88332e84cac908c6d1c36f47d46a,0.7540105
eng_6a67ca3432cd76258502dafb7ea5ac40,0.01461567
eng_17f4ad33c9487a70eea967f5da939ed1,0.015276946
eng_3bad86915e6f05f10f91a948334760cd,0.10203597
eng_d0a748659ae791dd7838aec1cb0214d5,0.080069266
eng_1a1e647e6e3c561d3df8a3f062b6e331,0.0843418
eng_56e0900c7bba6d07e135624bc5abf28f,0.95275027
eng_e5746089bd24928e91f22e800756b529,0.06620602
eng_bb27e80e1c721606eec6e91da51c3f11,0.70385486
eng_63c999f7b4bd6267a60c18b07e5f30d9,0.32600316
eng_e689a5cf7968b84f5f6918fa9b2c5772,0.121320926
eng_9e04a1ddad86add2948b512cb09b2062,0.055515114
eng_b470bdac4424e96dd7662e10e53d127c,0.7447491
eng_c6f00690abb76e547a7bdcca128c7f07,0.13805456
eng_70229a153a5c53e10699b3df983d931a,0.012515857
eng_136ac47e09dfb66266783c5c2ce75d41,0.91781974
eng_29aca2da894a41c94480a2cb5228a289,0.045352582
eng_1397033e9bccae1527a29bbcd4de7446,0.041930523
eng_5176be6de34c71f55d2a8732c50927c7,0.2322231
eng_920406a9f0a9e940861eab081987ee38,0.043936532
eng_1d68ff2184b29cae902b57f7f67e6480,0.3724196
eng_5d57d3758ba1d11748839dfddadf64a4,0.01200735
eng_6e6d1c9e88d16e4c24a6a312cc38e15f,0.014928338
eng_02669325fbf28db34ba41d39d6662a38,0.033972
eng_cf7ec4725491da4715399bf79cd916b0,0.04845096
eng_5ba7ebf7ba64b14bf5fd1c673158eb25,0.06383161
eng_8643f5107aed583261c781f66fa4c5ab,0.97462875
eng_24a6f897a4fafacac4711fb67e06d72b,0.018707227
eng_ee4db7a5a3f489157ee0f0488432adf2,0.5828324
eng_93bb28c08ce686fa1bac9ec0f249a94c,0.66399586
eng_4ef56f329ecffc3601968bdecc19ecd1,0.20094939
eng_ce4c03f1a5f1ed1e5797a41bdc7493e8,0.21497971
eng_cf15a59ad1d699302d9d4e65214d4a95,0.77696157
eng_e2ef6412cf40e1b204376d1edfbcb815,0.5409087
eng_5844cdc2f23160d9b848412d3a387917,0.8614217
eng_f61abc24d35b14236f3eee43d6a58cb7,0.009708476
eng_473e06535b045fad8e60216700edd06b,0.52016115
eng_b7850278248b06bef6605221a13c5bc4,0.00932197
eng_6f0cd147cf2c4ca8ae07a5465d5e1fbe,0.013584394
eng_91418fc75c00513f9054fe4ede2a73cb,0.011574996
eng_fb9af61f74b023aac113f805b69236e0,0.023419945
eng_52a0bbc6fbd37357572632ac69a42d4a,0.039011665
eng_6c647210f58f110cb2a6ae30b717a920,0.8688824
eng_270ec91359f7ef66f43959ba380e5daa,0.020984294
eng_5c28fada613e0853b42c7f8aa4e2c1f8,0.08359068
eng_99095463c6437c12db6846aee0c8a891,0.4351813
eng_3a83b286420a4d1473858d5949dd6c44,0.37221992
eng_aa921e625e74315093ac07527c95ed43,0.73545164
eng_086ee3a4e468928968a887486367a6f9,0.101991236
eng_114010a8c6d1b643b36c4192a2e545ef,0.9591926
eng_255d90cb8541384a28e6808b562b9d5e,0.106411695
eng_7603115387ea01c574745b065d7798e0,0.11736965
eng_d0c947ef7dd2c10880399928701d31cd,0.8421505
eng_422fdff4b00b1a56e28d6bcf53d6874d,0.14021848
eng_844e28a80b39a49ec52096563c429644,0.0141587285
eng_0c5dd01a3ee09a38aaf624df0feffd64,0.0124797
eng_45e01aa613f00ab0aaac94b3e02a830c,0.79565805
eng_36085229026b4fdaf4c5e7aa5475f9b6,0.22592856
eng_91fc440697d6fb5045fed9b8e3d73b9d,0.05223086
eng_87dbfca9fd9d5b7ae614fc8b5a9d8411,0.08901808
eng_1740540893fc7190680b6129977f0e5a,0.40132844
eng_85f543edc7d08bb9fd087ff341467f79,0.06760823
eng_e8a9f5bfc695ed04faa19e8b23fc39ff,0.020844316
eng_d0f146a943f5b347b8dbda75e7f666d8,0.2900248
eng_e05fd00173e8da088ff74efc3ccf0c15,0.03882902
eng_ddb9d89d787d4e9cb7d5d53021584c37,0.15616924
eng_ec2093399dd994f1fa9db3480b1a2fc8,0.0354775
eng_11ee9e962ce4ff9ab5955b2fd0908899,0.4909678
eng_5609f0790040ae60c7bd074738869dc9,0.013942278
eng_e4e64a2e645d255b912b5a30c2543f59,0.06773145
eng_17e9ea42e47b88281976ec1a3a50b868,0.39855278
eng_f835689b9c738b1237d801606a038392,0.057599206
eng_3dec205d0726f6e2b140c02edfe9ba56,0.077099696
eng_0956f70497007b7a0e109be1f7d15fba,0.2612367
eng_c98a6cfb06a3d0c81604fbe17b7d0f69,0.012845959
eng_0c20348f6f7bc6efcf4fc968ad9424d9,0.038142428
eng_3d5bc3ba2bb8b3954cabdf0bec3533d5,0.030792167
eng_e74f708cbbdd9dfb6d3bd6dbf2a9e680,0.10951516
eng_1414c1fdd281993b2a2f862055336c84,0.48172817
eng_1a10bda77ff463b87fbdef9973b79cc0,0.012455653
eng_460a93a2e25db928349470d55ab0ad79,0.13517499
eng_94a329bbae82a9351d04a842d121ee08,0.0120770605
eng_75dfd52e0ffa8965b4951898c3dde486,0.024330191
eng_ad6963004619118790e915340dfea8fa,0.013902058
eng_a1dc1850c2e0df7f24679b1521cacb26,0.056861546
eng_61def93a52a6a551202ebf3683a0ec58,0.014899643
eng_c98771cba2391cf4279693906f71790e,0.06903793
eng_438b780d9d562757bd05317c1ab78268,0.018797072
eng_e7a7a141d0f99afdc23903393bb33535,0.015678713
eng_b2ded2e88063950172906c91ee5c77ae,0.03652812
eng_e17bd079a666d101513edf330b94d5ed,0.011485952
eng_07eeff31e719e41a114de2a4909faf1c,0.7893961
eng_d57218e45c15ceac49e94e19b0f6ebe4,0.13212213
eng_b96bf56722f0c8eb99add050e0133134,0.19674902
eng_2d2ed50a9283cb1ff15f946b73ba457b,0.057705317
eng_013c1420add2cf507e8e19f96ccfef08,0.23877199
eng_b42e53806be98ea478c2fe45b8bac5e0,0.17391866
eng_8b6dd49a0cad78366105909b1a0eb8eb,0.083441176
eng_d61de0dc50ae4fa04a5fb5fc0497dc0f,0.6135839
eng_6fe45092d05649192d6fcce18264e887,0.13852006
eng_0f6d94ebc0b164f284e650f89a2a6074,0.04903963
eng_c5a357769c7a1cf2a88a9befe50b40eb,0.21206881
eng_a045fc20d08acc2c961defca056f000d,0.14104463
eng_57f14906b96e9bd99c9ef7d4cffcf021,0.10659756
eng_f7fe058212c77393f84f712fe89abfb7,0.42865187
eng_e1fa843ecd9e25edfa0b301368d3ea58,0.12885365
eng_b12368ca8506efdb09dcebc91183de49,0.2444081
eng_c69ba2dee0ce04e47fb9d5a060bb28e6,0.8040984
eng_3c21062ec1fbbdc7b91a55b92f1de52e,0.42720255
eng_4ad2c92259b183709e682c8a1520cc4c,0.22465022
eng_6ed21dc9e0656414759bc49df3b71e76,0.82417905
eng_1f19fbcc6b91bfbb237c9932a636084c,0.20410384
eng_46414e09c9abf2199e0fbcdbfdf867ae,0.026031533
eng_089d4a4a024e04c529d0a8e754fd3864,0.0434875
eng_b7207b63e507d36d4ca4df1e61ee346e,0.023487046
eng_4cd0bc959ecf69bd7fa3a13ebb22b5e0,0.023621807
eng_2d89078ac3fe03af51af019836593683,0.13817081
eng_daaa4ae5378220207873b31d9b46405d,0.10553274
eng_6440024b839eed17960b0ab6e0a48024,0.16559312
eng_bc242fb69cede47a2a685d6d63a46814,0.014742792
eng_45e5e4cbf9a9a9ae420ddda0aafcbee8,0.5703014
eng_2ad4c466859bcca1deccd20f3bdec4ca,0.11431907
eng_7913fe9784a4cdbb88f61a9f1e9b9f73,0.37419018
eng_7b7a10e76b5ebba3839264d1f6d67ad6,0.10627249
eng_a75870b02df78dee7e3f79fde8a44c0a,0.12506539
eng_6bdf3dec205bd011148e4b4bef257bb9,0.6491339
eng_7cde1753fd5b145c5bbd84b7170c56bc,0.20809844
eng_4b8df6bd1edaf636496285539c0ec4af,0.022911694
eng_d21aeb8abe449615983cb47ecc68a48d,0.09713317
eng_05c54e7c04e4b7b9484f234090f061cc,0.121008955
eng_327628d0d03becbab8efcfbb2ae0aa90,0.23832853
eng_bd1a346a45db2b5d48acb7bcc267b6dc,0.015454242
eng_e951cabb767bc6853513f6716541b9ca,0.07510853
eng_1289e9e2465a583b79b66df237e867a1,0.14749376
eng_480216e15773f9b73d065d3a59f1ad38,0.17859745
eng_352efddf80ef1a30b7c4df841b720848,0.23466964
eng_997fcbd32c810aac7719a0ea63134b18,0.10275401
eng_87042f0588c8648ee96ee5b4e3f05a51,0.04986591
eng_913861584b8492611f5caefa3f529f07,0.070176296
eng_744cdf9a54e683850e2a3b1a959f6185,0.040845715
eng_9afcb7589e27e73c263fc8711886bedd,0.43060368
eng_c51b0097149a57f2faa0c517c31a00f9,0.029703751
eng_40a5f06afba13d3543b9654962b4cd34,0.026405519
eng_283c2c72cf545c32de7df19e050dc078,0.1894461
eng_4f1a12fa603687435df77032120ddac6,0.18417984
eng_e911ffa0df6cb25f9fe821149fdb95d3,0.050752386
eng_298491de6059cdb79cbadd182d628d3a,0.026180506
eng_fb45cfe9b9c0bc3983fe49064821031e,0.45669746
eng_ffa7dc7ee0ba9d9947c91550a76c0f61,0.63948286
eng_d2678b5c658141930b89cbb36fcc1ae0,0.13290796
eng_921fd6f341f7ec8b76808bbe5651ade8,0.009727271
eng_358a0fd86232a08cba055c0b1001e580,0.034293946
eng_85ca871d3e93410dd0077267661b031c,0.31085128
eng_911b182fddee00d3d44c7320982e23d8,0.7776378
eng_fed8b9cfb3da6c2aafcf2e5690ceac49,0.032283258
eng_f1a63a53a3f0283f1425c503c503d172,0.20275871
eng_9713527afb5bb7201b190d449c6f9088,0.072243
eng_056f882a996bbd736c8587ac32071636,0.59817743
eng_c1aedfec342bf76859926ce1fb9c8449,0.83601975
eng_afd51e0c55f58cee4c2b7d291eeaffb8,0.29072908
eng_7fde16648baf6505e716801a8568901f,0.01561854
eng_635a5dade7a1f2fbd4cc60a709ddd884,0.35650268
eng_43f0d30ce21bcbe3b88b0007bc335e9a,0.015875848
eng_7e9ba903bec1d9883656b716b9f45f72,0.009430817
eng_27279f9bc5e82c6e30f4339efd01eeff,0.17816807
eng_e421eb716c291baf96462e0ec196c51d,0.046986636
eng_98b5ff11940aa1c0edb16443431a10ec,0.23309478
eng_cc8867b6801163429d973a4e5e0c2f9f,0.1454792
eng_644d9b449a1648caec35da3fba947e47,0.2877178
eng_f7eaeb7a87c90b800f7276b7a2e5824a,0.22312306
eng_f6b51efe03ac22628488e2dde22915fe,0.040237945
eng_e4f3ac2094438159bfe84d2836f58509,0.63990486
eng_ed9454756d812da681984883ec566f39,0.12646118
eng_f60b960a864b1947623d9e2acf69b7f3,0.45570192
eng_499e4abe54b9ac896719b7226685714d,0.43368167
eng_cb778c8ac3df21915fe149e8a90c28ac,0.83648777
eng_8258db70fc86e03ab86773f14cf2aec2,0.5375118
eng_2b0f8de2f771f21ff066e0adde1d9806,0.025419652
eng_b602d9c0f163e47bcaef6e4ec82ca0f8,0.18133569
eng_f0e7762da158c5cf1116bb87e1d02bcc,0.24780536
eng_e94a71bc57a436bcd050af4d14e9c90f,0.34298405
eng_eae809496aaa22bc78bf1340cd9a401f,0.3568738
eng_32ed697ac12dfb55e39bbfb1793ee0b2,0.00795339
eng_362f05fde407c132cb331a312138fe57,0.083142914
eng_2c9bf9ad56f80aa4b7c5c98575ccff05,0.13927926
eng_548a23003f147725a24bece479bebfdf,0.91648406
eng_105adb9dba0760a221fe5e0b25f3c40f,0.0894546
eng_4ff956f8b0a455e6b282b8a08f5d6858,0.971537
eng_87565962d029762a24f291b8c7ae5044,0.94165415
eng_cbe453d8882129465d4242e04d4b4c85,0.026581826
eng_7aa8db192e0215876b64a228bb2d3040,0.5386344
eng_7d134f24da3a8087a8eacbc19426b836,0.98546845
eng_7f7ac71feb9444cb3b3b24f87ad1f006,0.49990845
eng_eed78f36f5a66c7d9b23bd0dd28a7bc7,0.030967515
eng_245573d57e3e5ffffd2349229a6db47c,0.97644573
eng_84a893049734344779e5e18e8ef31950,0.012673735
eng_1f0c6e128f4771c44fa9292ae3c094d7,0.97662467
eng_627727cff7fde51d07183dda94ba627b,0.9305214
eng_21603c0a8de89770153b21024db14f82,0.32613727
eng_cf2e7d0bcd944eaf559d2ca6710bffeb,0.7291342
eng_9026fde60ea92fb059883d2d2e254c4e,0.71047765
eng_ac11e754767e6d2e61a3f2a1f7fd7a11,0.39126053
eng_9e48c8ebe9e9e48e757342bde61c4415,0.8118998
eng_9d2137c29b7488d6e87481d6dfd077d2,0.5545892
eng_9bb878a06f6bf4877695e9f068519fc7,0.9518632
eng_97280c2c04401997f9b6bab6cb1cf68f,0.4016291
eng_823aec4cebe46e2d62f01fbb76266e63,0.89469755
eng_333322a28c64097aa5cfff452610cca9,0.97819793
eng_c351af8553446b6a04d754629ad5a6b7,0.23877199
eng_a304716971126b4d2a2e723fe4cdbc01,0.84240985
eng_7b0f9a28c37f6848d81840433e01dfad,0.9326989
eng_92c688d6c182da52cf942d2b6f25d24c,0.9630224
eng_5e7a103ef94681776fb2658326a4d815,0.9250271
eng_9cdcc714db8caae5b64d23fb8c139482,0.81582016
eng_5d7696eff840ed11b080db27f6da6957,0.7516026
eng_f97621c62127822c7ec1de4196a4d091,0.98201376
eng_f4b50149d90945e30d0da880278f2a60,0.8848875
eng_4d3d9f050541318255ba9149b5483c93,0.966028
eng_a192c0f847fc1e0f06534b07e8533161,0.9662516
eng_3cde562d4c1661891c07342047c8e923,0.87950945
eng_d7c139bb5aa4ff54e826bbf79cf6bc6c,0.4087339
eng_950c179c89e918ea12659daa6dd0e93e,0.16708271
eng_e2b25f425165eb346f76b12e1e9ab669,0.9227612
eng_bb6b2606deb06541c6f035101b19c137,0.9011404
eng_bfacbfdae0627b5a5221a6b3040f9a95,0.34521562
eng_57ff5e6b18bdf78bc9262d602a7a2ea8,0.70634234
eng_b661f45d99b447f48e1c3339da1d887b,0.85299677
eng_49a87c216820ce2cd479b3f27dfa2c65,0.6978149
eng_8bf5fe4d5c650d506aac3122dca80ac4,0.98067343
eng_363ffd1826d2d75207378d24d2de2a0e,0.38488325
eng_f94ff8ec73609190395b65ef5f6c39dc,0.6303721
eng_70a77c7615e222af1f4f3c28e87a105f,0.42663506
eng_26cbaa58699e7864ecb9768e9483c649,0.9509148
eng_a4ebcb68f75974e5172190e2ba6ef119,0.8272706
eng_9e7a0263cad99d8198ce526df3dd8fa1,0.11143445
eng_11b6e8ca3db05a53b0645f7556bd2575,0.9793935
eng_61cb25cd5f0336fd5e74249e5b4bbe81,0.9432431
eng_41f86e299ff7c964ff63a517bd0327a0,0.95270634
eng_28b2caee950c9f36bf977347ad53c567,0.9050709
eng_75776498442bf3041b40169fe69419f6,0.81589353
eng_ef468ab62e1ddc43374dd8d20bbcdbf0,0.28527242
eng_11d000eeea8678e129558a6583ca9926,0.08929565
eng_298472d2714b389f8f4286a8da443f71,0.46012783
eng_1411e6b68bb1cd5b0746bfb2511312e0,0.8129416
eng_1777cb35e8a32c224def12fdc2623efc,0.13223416
eng_c6e7726bfac6c00d12fbae4e431ede1a,0.35131106
eng_b7ef0a5d9fc4c2bf3a5d3a1414a291cf,0.782953
eng_239cc28dbb1669ba68b3ca437dd0855d,0.1769559
eng_efa00277c2a9661572fe5e2ae2165154,0.47473773
eng_fc6874054283b933a2c2e04aec01894e,0.9859634
eng_4c4b187238e95f8d798a4eba74093c6e,0.57148266
eng_b8bc81c7dc9cbb03c3bc476181e64dbb,0.49884033
eng_cf42114315c176b7325d66c43c3e2725,0.86112994
eng_68a23921f5bf1efbcb17a1e8b4c3e727,0.85269034
eng_a5b4ead7b17554aacc2a56d817b41b87,0.80980295
eng_daa590c428f1e04be5c3d10abf21ddd3,0.7773844
eng_2723300f11f7e750e3c99a551625780d,0.8439594
eng_3c03847faa1baae82a3497c22cc41bb6,0.30200496
eng_f95434d7e15b2f0184c6a6c5736ddb7c,0.9205757
eng_61c1a9aa2a1879fd460cd8b0410d6625,0.82761925
eng_baa68a0d558737420e87cf162f8abb89,0.012359919
eng_d64ce581999394ad8671158997d519e2,0.98862445
eng_8002422350717d25bd4e070e5d10aec6,0.98557997
eng_535ed1db766635878fdbede2e4bf5dde,0.3543772
eng_08ae95d4ae6a749b634c26c9fa35410c,0.116311565
eng_cde29b5c94a105668e3ee750125259aa,0.9705485
eng_f1524dd0dbdf6f103ea408bd0b0d3eb4,0.9337335
eng_def317406b5e0e0cce531263b7fd3420,0.8808996
eng_2c44d1c411d0454a98763b47bc92e012,0.5577851
eng_38fbd6a81fe0bbdcb568a401e642e364,0.98801583
eng_5c25198be353dcf2810131277f921f99,0.6838947
eng_d1f5486314d6f63c9bad53a60ebefa16,0.95013416
eng_6819ef74c3d41cbb126b5bfc340ebd1a,0.24535616
eng_d31615857fdde99581df7d94364de699,0.81757444
eng_761e7382077e7c01588e599d1f41331b,0.8213309
eng_77d9962c85645281d96622d80bb1d1c6,0.5945218
eng_9aabafa77f1a0bc3ebafa6b78bdcd728,0.84972197
eng_e7b4414cb7c0f946debe30329af278a6,0.6633964
eng_1502b2534ea8152b043e6f285afb9182,0.990732
eng_e1b7a4f1665f702285d7145a88cd0349,0.9745319
eng_30aede71e70a1df6d6668b9c86bcb2ec,0.84613323
eng_077cf5b26aea6ff551bd0959be4dbeba,0.7371582
eng_1a22bf6feacaa504ba151f6466c80a3c,0.93171144
eng_e0c80108c01f15c4732d69131c3dad20,0.61448073
eng_ec358e99f5c45353ab5f9ef790adc605,0.75387454
eng_4cd41da746fb54d7e3b5216527cfc879,0.75797355
eng_bdcdd0557deaa894d3d562e34f0273b8,0.63335353
eng_36adbccf0b935cfc6c48bdace145f4a2,0.8153795
eng_8193da8f814c3173b58f21e0c22b12bd,0.9163345
eng_c53569ec2095bcda77f6e2f67d1078c1,0.28601965
eng_a36f038b08cc654c7c582a7c308aee1f,0.016403032
eng_7d14cca70f976a18525d64b5b545a34a,0.5846862
eng_d49683251fcb1fc627abfa4b8acea95f,0.95305705
eng_33f659122469ca92b31b4c01fd70fcd1,0.7067473
eng_e3c82fa9810981731760a05680ebcc97,0.5745887
eng_5b5841a19b984a668eeba9821490f63b,0.5714303
eng_57f5eb97c2e43e718335b240053ef524,0.60147655
eng_5c016f8342c6e7302c8057c894bcfd6f,0.9838472
eng_e53d424c16297505159c4ea783d41229,0.44495663
eng_cfaea85c83d621df00d5eab475fd80d9,0.4839533
eng_08e9e616eee7048773cb54e3d8ffbdd7,0.6223876
eng_260056a03d1d28b8a33ba36b3436497f,0.72267383
eng_644c17c9a5f57feffc4a08ec8ae88e15,0.84928495
eng_2892d69934443a0823e9d19eb7661987,0.9904959
eng_32e0580470eb5ce60fccbf2c43163884,0.7647159
eng_8138ad2b73a82a8e91d09b7d7ff43cd3,0.5128451
eng_43b22ccd81b11d91d13b7e073a04d39c,0.7499581
eng_d2e29bce3871b633c55884ab476d8e72,0.72845864
eng_5f9de48947ea1f02035576631d66b4e6,0.4346338
eng_f33757b8589c6a9f892ef7cd42f0db7a,0.81420064
eng_0917a33dc6701ea02574f13783d7ad33,0.96472245
eng_31d213aa48919a620b7cb0e5010dcdbd,0.9882902
eng_3a1c117d06886eaaabfbb612fe085a5d,0.7211054
eng_21be788954d962134e4925b2d34fcbaa,0.8350132
eng_6c4e49e93bf6e6a2929ac439a43f95b4,0.913368
eng_0563bec36b7e55eec87074991543adb1,0.78858316
eng_bf016a05ff68a57c3a73a46a009d8259,0.49288988
eng_8f711b7ef79219a2081eaf3d4a387999,0.967256
eng_b9c8d997d5e8c0f300124107bfa728e7,0.96926606
eng_35d1b3d76f680c08ddf3263db516bf0d,0.9700135
eng_896a59b80fe838ce44dfbb354a662f93,0.8823265
eng_7c6380f4c695673607a82fc85a9cc6d2,0.98264104
eng_be4518394e02fcc6ccf23dac2c426b96,0.9565531
eng_3cfbef02280788874198cca632b3372e,0.7004852
eng_16d947e688dc4373b262c9312a4e2a51,0.87212974
eng_e1412cc7c8a6afc0457d22f97fbfe99f,0.27837938
eng_3b82245d3aef7fa2003ed4b985eb2b7a,0.47167763
eng_163ce99477bb7c3360bed270b8a993d9,0.9877351
eng_b823b841e69a7446e186721cba476630,0.6803479
eng_d74b5f157f9d0310f08a253e4416f9b2,0.9673178
eng_8cca4776f812cbdf23e968e6078bcf07,0.08858347
eng_6d2f1e0056038d05d9a35b65f0588a33,0.11328497
eng_af8838c34671876e00cbb4cf4a0c0f29,0.031173307
eng_2ff616aa2df9018435397492ec2ebff5,0.93686515
eng_425bc5c624b2e16a825c2ef4e264a03c,0.9158089
eng_a019d98aed7162ab23e1568b8677f983,0.18884702
eng_5b66f8de7242b3e59df3d1259f55ac15,0.8171371
eng_bcc3d3896ee3ed2d31d33c1c9246c0da,0.9635062
eng_8b7ef6b025d98237b82c064998e60ae4,0.64416915
eng_72990d91a322f86aead07633d25ef98d,0.6941472
eng_fbd3d168a3e3496fd5ef450ec821a68a,0.97708833
eng_2089d547da78ffd2535375a305bfdefc,0.9000915
eng_195f1eb1c477c7c42a091e3c6eb4d806,0.7001265
eng_aa597273b119b192f1c9ac7420055101,0.87218416
eng_afc99fe20d81fbdd4f7605e8ed4cdc64,0.21329524
eng_a9f85e565f92b3eb737e2b376d314917,0.93726826
eng_1ecd4b80bf3f1fffd8226b4818451385,0.09392703
eng_1ec3ca022e0c0f55694d2bd7b2038e5f,0.7820389
eng_11fa261f3bff86a489efd05c260a8a55,0.5030212
eng_d73d1e7330d16282d394840fd4a22c82,0.94853723
eng_609b651879327ceabbdcc2cc29ef6ee5,0.83894384
eng_ad056293de1df7b8d6bb94f9dc5d8a68,0.8656789
eng_2303709352b81ad43bf974010b0856ba,0.89152807
eng_3404a574b9fe18b80b7394afc9ff3edd,0.47770646
eng_173caad67954a2cf69fdec9f6166d757,0.05754622
eng_3b621699a87d7f00db36dfc9aaabb2c5,0.33090347
eng_50fab97292034dc9b410e61f065d63d7,0.74442416
eng_28d321f0cf8a5596b2a96266932b55e7,0.8076124
eng_d6dbe801006609a22d11f9b665fdf490,0.88986427
eng_82a7d6446f6b338740447d3da42fc201,0.99209267
eng_24e9fe67e892467671e40459e02a6700,0.86493915
eng_7493a50e63bf06e299d0d8218efd5d3f,0.9783019
eng_5957a4fd9fffd0f37995f910a41f1c75,0.51391244
eng_02fdc210c75b2ec254444748b32406bb,0.9051128
eng_bc3b422451990525e99142f7cca445b6,0.6559699
eng_b4c949ba267ea06f83760ed5d9a6b85c,0.89209336
eng_3d656406476fde786a2c9f87921db4b4,0.16552565
eng_2e8f1b1e9939b8082a6d3d89f44c4c47,0.5516945
eng_d7293256d5f8f02f7b8ed21a3a908faf,0.9257015
eng_eb7d9d3d261239ffe5c5a65b2b0e6ecd,0.042009056
eng_88570731133f57ddf405ec42d5004e1b,0.5508263
eng_3b299ad4036e414868c7d324125add10,0.82587075
eng_a3ba912b133d239882514eee11732c63,0.2732834
eng_bfcc7bcd4ef1a3db98bc131af9c08ae9,0.7207861
eng_272d286b54bdfa993a95439a1e162761,0.73890465
eng_01743ae7a61f2d630ee79da8cd2d2a0f,0.98141783
eng_091e4b2c0947bd7961d807ac94a0e099,0.5316197
eng_451ae1d9e6e888f5ae27cb7b04de413c,0.26218015
eng_bd079ccb6d2a54da2bfc47336f5fd8bc,0.702377
eng_8b5fb1cbd633758f55e49105abcc0f10,0.29741892
eng_f7eb2e5e41c4b18705e4d70c97dc64e2,0.2426989
eng_07aec08c252f14b4bc87db4ae8f9a1ff,0.8668104
eng_bafa157f188a72850e5641bf1dd5df2b,0.07956718
eng_b95d0440a293b4e37863a7a3ba02ddbf,0.9650203
eng_04554b2619fc421fca3a311f39c8a642,0.8543993
eng_723b00f5c85ed853c7668e4df7f71f5e,0.89423656
eng_ff953a036e8c03f306ed3315d39347d7,0.57697403
eng_a2baa6e3c6c9c7acd191a4637b469249,0.96909106
eng_d29d0e6b59a28ea84f7d701337285820,0.9835654
eng_2f8a79afc0d5c5531a9860e6915f145b,0.43721426
eng_6124ec379a87befde7cec8a8098cb505,0.1390453
eng_8bc20aba21e50682fed50e4a56912171,0.95473194
eng_904a957b4d89fd5142ec332ba34754e9,0.8740772
eng_de6e5f03dbe5e2ace8c6f10eccc28bd6,0.31668618
eng_f89f4d90ca66e032c303fed00104edfc,0.43671212
eng_cbb0196ce9ecc57f713d006e3aa4702a,0.3441541
eng_ad326481aaa1e35474d30d4e21abd1f0,0.86188734
eng_3a336fc6bc6fda586663750599d8d928,0.8407826
eng_4a6517e51bfeff6179e365296341e762,0.9500415
eng_470bbf158e3da07e45518441e62ae8da,0.22329238
eng_d4f08c009aad0860f4289c11fa1f6dd4,0.50717115
eng_bce03288b1753b275e8244aac20012ab,0.856092
eng_fc4c309d93753990758b81772314ddb7,0.47157302
eng_a8829af7a84874ea81e93e2e97b2c234,0.36948565
eng_110481aac87e0a1448a2b530ae2c2c55,0.54484683
eng_6812136ac979a979d2a5654fe41f014d,0.52398366
eng_b721048cb72d697754011fc902caa8dd,0.96468914
eng_f2f34816d6a26ab0941f49de167a95ef,0.9821684
eng_82a4559879408aa2102ee9126caf4583,0.969985
eng_2d17d8404b764ba0c0b27432892a7653,0.8625833
eng_4a6eea8e3238dc6cb0f3f48f3428e0fe,0.5102753
eng_24265395eb22119e655e553ebac28802,0.9437118
eng_aa9b9a2bb1c4c8b45423d7e1bd351a3f,0.8708721
eng_23e9f7aa08bc3fac81fc320280116d98,0.6978664
eng_7ac19142d25541a96a0ee19efac53615,0.8666412
eng_d0dbfd1330452bae39b04ebad84345d0,0.9474783
eng_d845e6b7db9b546012645603e8e0a226,0.9900636
eng_17d3b1b6f4e1d0aad2be546991f59629,0.9925538
eng_ff9e1752115c1f341b52ca6dadedbe71,0.8915753
eng_c27035dc045266ef167e7d4a11837d5c,0.7909343
eng_4db4fb1c858b4af17806746279384100,0.07323097
eng_dd949d49cd6c44aaf79885c1568bbd68,0.6321622
eng_e95e0c31a06ae22498a8e4ca86b8d94d,0.98662347
eng_83be7472497a0dbc736aed5298ca6bfe,0.8467679
eng_76f31cd7c11cdcafbcbc77dce1d25758,0.8853344
eng_66b80d793e26ae1ad6d4775b7ce0b846,0.9875444
eng_1fbc9794ed2812edc299ecdb71ad975e,0.98378503
eng_c1f7d02156e495eb53728a033a7da604,0.06903793
eng_ecfee934e42b0ab3ea33a57da76348ac,0.73748916
eng_df0ba4a12ba9d2cf3f9efb4999cd0e7f,0.44142467
eng_b1a5cc0f61c5e51af949a61a3c9edb0d,0.9512329
eng_a65eff5d914f924f9cab9c64a9e6168a,0.8978297
eng_d3c043ae73d3516fbb2549a575053903,0.9470392
eng_d58d381bbb5b0e8f3b4f83f1fa2a74d4,0.9843364
eng_7efbbc846aab1b5d5aba2468499185c2,0.9170801
eng_8ee79e86ad3612b2b550977309253f40,0.11148281
eng_0a91145ee26fc4466fe79078229e6196,0.97539
eng_48fef3c83b80094d91527aee1b871924,0.65665823
eng_0d780c82ff3b929d1cfe1fedff9a5e0f,0.8819203
eng_225845dd7d1f4e4e4bf13d45eb083871,0.80294216
eng_f9fe0ff421f58630040bc42dc798756f,0.97788346
eng_f49280eb35b1bd0e501f133d2c339e21,0.91125864
eng_dd2df5809127d2e1cc87a82660e99d27,0.91543174
eng_47bd827528d0a6de0a0451b16447f059,0.2635994
eng_5a5adaab88efa82226b3cbeb1b490a13,0.94966936
eng_982e30f81657291f53d3e5432f4f1b3a,0.9603612
eng_f7ad21974429038bcedea6232fc5f9fe,0.40220132
eng_06110f248b7d943fdfe237bfb137d17c,0.81582016
eng_1fbeb8eeabb18aac9f5e017fcaa935a0,0.98557997
eng_1da4aec22865e58088ead79843f559cf,0.9199307
eng_93a27059f500e4956fb94de34a1bcd64,0.8896727
eng_55dd2d3e568f38b64fbee9850a08446b,0.9598375
eng_518faab650ec584f55fe53d35b00cfd7,0.7053793
eng_9fd0e2a88f725b1f2b1bffa5721f415f,0.97828114
eng_5281ae48c4e2a2b8637d91272674851a,0.14541851
eng_28cd0923ef8c0eeac63562f8bc9b765b,0.03289904
eng_d8e443ccac4a644cfbcbfbe9b2469565,0.891811
eng_063df5b2376051b709d50457c02c0344,0.5093068
eng_99feceabdd236da405da627cbcdbd042,0.9678385
eng_6ccd7707b202e76e545eb3fec09a072b,0.81249565
eng_3f449cb952887873a1aa75acf82999a6,0.86408126
eng_e808ee6d52d31a07c653cc0b1aa05212,0.95494246
eng_aa85a787fac2af36752bf54307716ab6,0.9869795
eng_afcc1c902261007751d70755487ef9fe,0.97813547
eng_9dd57c7e54e24a9a61e01f585134e0d3,0.9390807
eng_312ea483f14caf47be8be7edf5fc4f09,0.972178
eng_c997deb92b62881f310d0754d43a7521,0.5600722
eng_6bffde36263889437ca9313d188dc2b7,0.9666002
eng_ee8b1ba642806b1172294237070e1d32,0.7390459
eng_35ba757e9b96d5303773974f64588596,0.9147487
eng_08f8b6321f73eae8c2958d66461b26c8,0.48515755
eng_70e9dbe276189afce65f09d591a53ecb,0.47498122
eng_32571bb05bc27125646a9b05390dcd26,0.15316878
eng_23e91be74e7bfe0f29e05eed4d70780e,0.6261421
eng_a205a4c36f33783da2809bd5fc0cc524,0.29599243
eng_b87079d304e1e453b8f21d682a7d58d1,0.8388118
eng_50d762724c09069184bb07b66b200063,0.9014011
eng_f767d5f3f8254b874efaa0f151ce1138,0.77415675
eng_96de074c0b3dc9c07f3f21668ed843f1,0.82453257
eng_c6da4f8e280721a3c7478657cb16c1ff,0.87546796
eng_917d80d3f259c3fc67184efd08802bee,0.61694306
eng_8d26105337145bce281d1c5c10f53e78,0.80821866
eng_47e827da8cb57104aa95580b53731fbc,0.62691677
eng_a15d16ff776d573a6c4094528b920bd3,0.6461533
eng_2d99d27a042091f9c0c615ae22bef1b2,0.7576151
eng_7401055ead5f0f6d5ebbd4791a18c0cf,0.45979047
eng_e5f986881da51d8621a38607c1883d92,0.86596256
eng_645f8782e81c2bc9510310a614c5161a,0.8482194
eng_7d5955be61c722f03dc1a34ce4149630,0.9379537
eng_98d84bd4b196bb2aa71560fd6a3af742,0.07389651
eng_fd41ff7dabac586254dd51292407a597,0.32600316
eng_f7d256c04b6a788a4a4df7f6b5f4c1a2,0.37436172
eng_f0d6d8f3c5927a103fd7c4839a9a8e69,0.8926561
eng_7d07fc68b3351d6e9ab50dae3372aad8,0.4500006
eng_d7586d7a274c456bb1af1b30cb0d0e94,0.27722833
eng_8d063f4c60a811ab4501aa84988f9ee6,0.43025208
eng_344b089cbfc771ee685d596fde02dfb1,0.708868
eng_7d923ef7ac3d1072c42a8c867ac10424,0.7555919
eng_6ab2e8a6c38d2e0012c3c0a12eddc0de,0.9807288
eng_af151935f597e2287c8a7a3a7580dbfb,0.60743034
eng_fdc7d0b48d5346f046bfddd216606f66,0.28244352
eng_cf0cac06b18f98e1ebe37811f77b6b48,0.37695277
eng_3c47b3dcd19aae41a3fa4b93b7c00ae5,0.98046875
eng_571d292b888200f712e44b4fe1c2b7dd,0.2507293
eng_240b1f94d1abaad7315aec5b95533551,0.2783058
eng_4920abab255bfa8a111998e9d71d08fa,0.96961325
eng_d4f8af60b8d3c00f440710e9fd07f87c,0.9396923
eng_7dff28b19619a734129628041e5ce072,0.99090964
eng_18588a9f2a9775ac5ddc11ae2d886fc5,0.9707155
eng_497ea7dcdc8ba6e55a61f40fb9079e38,0.9396923
eng_8397e56f251bdd67bc695861c3742123,0.8864204
eng_089a92875dae775b3a150bdf28bacec7,0.88656783
eng_5c640ab9d096a10f04b060dac944f636,0.7304341
eng_495311e8b078a2a6f01b5cf2463d6845,0.9775
eng_6ba12b6d7cd49f00a201cb2c2b1ffbc0,0.8656222
eng_8f1a268d1edb6580019442b6b0f94231,0.97958976
eng_cf840005e1cd7563d09ee4c2578dcb33,0.97546023
eng_5c89253ec6539ca0be5bf03e6c8ce450,0.95869267
eng_eb7bc03f78234505cb5ae7624dae1b81,0.3067866
eng_08c87a824cc5e874ec579e9d1906e7da,0.5265482
eng_3949fb4d58f414d1ce0eb7079b7bae69,0.18609506
eng_5ca18e380ee097a8220ae047c31d7121,0.61181694
eng_72df8f1b4e6a876d3b6962d87ea77759,0.7306744
eng_8c26a6ce9669ceb44529e558b3101487,0.1588256
eng_66a2ee100c3d00332701d7967c860848,0.9152803
eng_89a78712d647ae9e70f63135655e52c7,0.9384633
eng_4d9eb595be46d2c3b7e32a9927796919,0.83025026
eng_e7b18920ec1cd2e33f0bccd57c4d131a,0.20946968
eng_fbe64bd3e3654a092ed0675e885d5e2a,0.32028952
eng_06885388dc820081cb54d0633b2d7bc8,0.9073123
eng_dcd16add0fc7e69f2a408404a49da2b7,0.70831347
eng_d6786e7dda1aa3ff0542c40c45bc8dcf,0.9333094
eng_03a6df98f298c70e0e2c466ff5850e5c,0.29274693
eng_d5f3c8b1c027e3fec93b864057866add,0.75323987
eng_3a45fe1a4c886c3865766488edd24941,0.72744334
eng_79f89b29f034bd3382d610a3133226e3,0.14688087
eng_f00c2e7e75d7514b050bcfe58b19c67b,0.9915052
eng_37e669e66a992d17a878d2671d71f530,0.8110033
eng_a332247d3962ef02bd3b3471d023151c,0.79366624
eng_9d1068854c99f50255c314ffd04d4303,0.8572311
eng_466675d2cdf20badfc30e55c75177d57,0.45162123
eng_7d9a5c0c5318fc3103f1da0799701cfa,0.41736057
eng_49d5f108d4befd22bafe6b37127d705d,0.91730267
eng_f9bf53b88b85e5b47caf2e0cbc78f6ad,0.33403254
eng_9007b0e09cc536e77ada13a618d1a62a,0.8822251
eng_1355bd19bff5648f15c0af5945860ce4,0.4242629
eng_13d28fc88b7b0e45c306b17497ad813b,0.31229135
eng_48a60d93a01b2220539ec65dc488fdab,0.3297693
eng_a35290c4f98a21a894ca37651a7497ec,0.9875444
eng_ca46e723fc8501bc4f16ee3c55204809,0.19636348
eng_90880184cdbdad768abd38a2e0be59ce,0.2799269
eng_746675311dad2c85bf91e921df3819c1,0.29421496
eng_7e4ae4f2de20154e805b27fc28582dc0,0.9877587
eng_863a679b501ff1cf627a06bf5c4c9a75,0.97275317
eng_04bea6a50978cb48467ca34387d008b1,0.28686795
eng_774916d6ea0989a1fa5562166f908c44,0.4992218
eng_19303dcafb475e59b2a0a941b42d3155,0.9013143
eng_be9febcbe0e1d336e18dd42394cc8e46,0.43046156
eng_d9dac6dd797ca76711e05d13373d2434,0.6484385
eng_619be160ebafa048b051c064f58ab95a,0.83189553
eng_5d03cae9627a7ffc672b840d7f7e98e0,0.79109573
eng_f8a3900dbe27683794b408babec6f354,0.43719265
eng_09762e07b2cdc3978cf4a4898d90be7c,0.6653562
eng_fbb1c152b8c7ce10f1de7dbbbf66b8cb,0.97891515
eng_735390f1e0263827c94478792961e771,0.86849254
eng_a7205dbc59958f33259e52005cbd5fb7,0.85818464
eng_f63257e7f0d260a3515568f6526df832,0.25358367
eng_3d6e3e77ac491ed2f023a49bb0606673,0.089375086
eng_6376dd240e9bbf46fecea7cc02935a44,0.16913125
eng_7e364a53af28e439f458d95ccdd1a63e,0.82859236
eng_e6c7c96f0224d4e58622f3a277a6ebd7,0.3372581
eng_aebe842d738bbf97d98b3d1fc9a22ade,0.98199654
eng_fd0c3d5a074ab069a13ead99a185e284,0.32169968
eng_acb43b72d81fbe85ae90b5e9433bd710,0.9649213
eng_63a864304cbb5d0769991700c94f417e,0.9201462
eng_a3e14d43bfae3b74a2f7311509fd9db2,0.86759764
eng_59d79dfd6c20cecbb7244d5bfeac7213,0.039937317
eng_f40408e0285883f8252b18dfa34cb3a2,0.682415
eng_d2f5efb755545af05c2326c67836df17,0.79645085
eng_64672145aa8753cde8d190eac51ef9ea,0.8186644
eng_5dabafc169afb70c4f5d012aa30d7783,0.21231368
eng_2aec71e47c52306bfddaf3f450f13b63,0.87652874
eng_f81c4ff16fb4b539d9d0ae300a202a11,0.5420604
eng_1900027792f64690e0ba3973166bea62,0.33502442
eng_38fe24396ed866fbfefc46d36886fc6b,0.45230156
eng_087fb490a4f685c22c048c38ceb72526,0.2695178
eng_2a6ef85321d1cc6b3e24dd75d1d2186b,0.19113888
eng_80dbbd45bbb2238a075b5a9ead40c1e7,0.9070655
eng_2b4f93a36ba95cab5d471fa75de0b6d3,0.96189344
eng_945530ee3f3cc16f02793c364f80811a,0.8523834
eng_4b91affc7e1a5b3dc10e50fce7016cfb,0.83973396
eng_e79d5ab71a6fd492a39fdb4f44f59841,0.8152325
eng_56f16038da78d29040e7bd8d03b71c58,0.9043131
eng_3574e5173ddfced292428337d2484af3,0.15993774
eng_6fd0268b6cc1ed73bdfe0b5b430f08a9,0.39948946
eng_80c317d70f56a26166a48672ed06b216,0.29203975
eng_bf6f1118475a18a32dac69e291de9053,0.7466935
eng_41511492da36dad90b2f765f1dfde708,0.16586316
eng_61a2ebac71fe305c34de64f028187e17,0.7715854
eng_24389811e3a33054d32de6e887e3fb36,0.39439958
eng_9799ad47c9da32b5a659ee032b1eb087,0.8456877
eng_82460defd327ae282d7d509c605c744e,0.50268555
eng_d79e61dd8370046c5bcf8bcd52096274,0.8952483
eng_4d67671ed1ad047bb288b634cbcee1ec,0.90039855
eng_25d7526f9e24bf003dcd11bf06dc521c,0.9666631
eng_6392118a28667ecfa4108625206f9b27,0.8763172
eng_7c0a2bfce8d9a643c2c5dd73e2ef04fe,0.8329173
eng_6eab06e5263d42b5ff118e6e3dbd0276,0.30018112
eng_20fc527d9dc4c6c7b0a18721cf8d8a83,0.8397997
eng_e73c8e5fc46b9bf2867bf32c8c4722d4,0.8969304
eng_0d88db5f14b4997f80f3631539879ba6,0.50744575
eng_466c6b326106e7e725bfff25f476a043,0.9825575
eng_2904cec56df346e92acfeddb1de6a146,0.8407172
eng_9b3c2450b36cad4730d7a8343ec39f61,0.8591327
eng_a8db93b87cfba94deb181081c0bedab6,0.5120483
eng_a8e0395e0194bd34fad46d31b691f7d5,0.4581669
eng_6156c2781e9f630e37f60e86444d76ad,0.5313652
eng_ced1f036710aef954fe39dca3f4f2bf5,0.70919544
eng_d069f5e720f60cccc67f43b48465099c,0.20481862
eng_cd30098709e19bae95d16d8fdeb97030,0.74139327
eng_d049334af526f1605f76649845df11aa,0.8597815
eng_a40a6c2a6b433ecefdf805ccb3b725e9,0.6936286
eng_dc15d9d56d6b3d9c97d1f8390ebeebed,0.8057851
eng_e12c77e5dbfa8c2ff7b74d81cb52a622,0.9463493
eng_215567b15a128e428d09b77a4e7e1070,0.9755769
eng_386cbdc160964143fdf44f765111dc76,0.6232479
eng_bb116667d4268d334ab3bae4bae7c510,0.89029425
eng_b0cd3d5a062ed504c5de771950d448cc,0.67976356
eng_365f5320ee9cad05590c5bcbbeae770c,0.85318035
eng_1cd07453fd40b79a36c28259b16134f3,0.7917406
eng_cd05fa0b5ab1c36ae997e790b28fbf3b,0.9839091
eng_8fa3a7604bbb00650bba7ed0e6b79617,0.5238086
eng_d0066dc5ac77bac1d62888cb47147ddf,0.75590736
eng_2b750c133fd9f61f4b5e401d9da21501,0.6577858
eng_cf9ad9342d2ccfa4094a41dd820138ef,0.47600108
eng_daca9bfee7e126fbd1ac4a9d1432997e,0.9784671
eng_8c1cf4c5efa3eb623305072ea355094a,0.67752737
eng_9ebfedb69adbe4ea867a8336d06cf84d,0.8745602
eng_0f5806ce1f19f1f8e351b3ba437daabf,0.48651448
eng_ac2c3ccf40970c9bc3edf8ec82fbaed0,0.8873511
eng_155440c4fc539a4add0c5dbcafba918f,0.13139598
eng_d59cf7395f7409006b8e6bfd51991d1f,0.9811669
eng_732fff5166ee04bfa4a35dc81ee9fb63,0.01515986
eng_c64e9b40460d662c6834833e38d135c0,0.57730174
eng_9cb9b91f5b0fe3cac35845aa0313d64c,0.872293
eng_f26f30eaec6b71dd7d220a0319897210,0.037892424
eng_183614f751ac481833ca7d19a35f7581,0.97640073
eng_44373776cd30fcca2a68da59d0d2735c,0.8371545
eng_817d54eb386efe1569b032ad54ed3e85,0.49917603
eng_d10836ca67d22f1417e9b95598a1b7a8,0.49829102
eng_06d58ab9fd09f096aa7bedc6af5476cb,0.06330841
eng_3a9d1ee4585e930f0ae17816dea8a2f2,0.10252914
eng_9e9479163a2cf2901c81b2e82bf40627,0.5835
eng_1b9282b489ca987faed22bdd8df8a169,0.24193685
eng_fdb63b2b8c277749ec833e195847d055,0.030938225
eng_58dd6d3f9619c00b4059c020df39d465,0.051462766
eng_f0c2cd84b79e9fc08dc245a52624b99c,0.9637117
eng_d10adec9655ce033d8e3344b7c7fa74c,0.19178139
eng_822ec5932f5696c28b939de9575a07d9,0.044597577
eng_c2eac8bf763dbfd6281eba42f175f7bb,0.20617388
eng_a84ac18ee515c480dd45f4101c5159bc,0.29543313
eng_665bb453fc32ab4855bda1b9241c340d,0.04560694
eng_5af4fbd7facfd40c80528728c269e8a5,0.080321394
eng_e2034c61f75087f43595a6e1c0326e73,0.9847231
eng_96c3616c34e52f501c5e422e086effe8,0.023397619
eng_af506a9bf7c6d2637755622f7bed0304,0.9808209
eng_5a7e4743613696b76ef903a491937d47,0.5585264
eng_25d33bb5b5db72116f434afd95cfd7ed,0.9274291
eng_8dc35b2392fb20a87a27575633d61575,0.8013923
eng_786c58a8935c5a5940a16f97c74f1639,0.036356665
eng_03a8b5db9833956f6fb5f1b2374f5ec2,0.08748586
eng_9bba8fd394280fe6ca90c2bcff5d1f42,0.4377033
eng_c717f403996a053d247bda8a79ab928d,0.20161664
eng_dbc4491533953a69ea6220a77596b603,0.6143362
eng_e95223c917821c440b47500c0dee982b,0.2409978
eng_9c7d0bcfcb3cc98327d5432ef62d07f7,0.9650203
eng_73dd5f0bf016f8b7e1efa8f3babf3109,0.6569335
eng_75df066645ebdea0167dcbefcdc34253,0.70659554
eng_6d15317a59344e70726d41fb5f2dd96a,0.882022
eng_9395934588cfefadacf1780b01287d89,0.50042725
eng_c2885cd28cccaf968ba7b7a59f8e42ee,0.9552357
eng_6f76615e88b51d62defe7692c24f9032,0.876423
eng_4ea45a9736090e2b4bb6f250391d5ad9,0.016246215
eng_f3c7891635bfdaff85621126d9be3cde,0.81677204
eng_bc5ca196382b109b5fa9068d3327d9c5,0.10225988
eng_1ba72f304da371408f97a1990563f6a1,0.060696203
eng_006b993c5f54e8ef8b3a7638418e60bd,0.021594688
eng_acc88e716419e2868ec26e9a4ee85cfa,0.10257408
eng_ab139d4437f74edcdc3af523d2029d2f,0.09276993
eng_1bedfd8ded45b679ef5f6d22a08631e7,0.09526526
eng_961a065c14bb5c3bafbb3410450abea8,0.07389651
eng_d23ea9bb42dd3d6619ba6bfe43e3ace6,0.12533277
eng_53a42900071658cdc534bf25ef49c0c5,0.24671479
eng_186a880c88080bade9b310c14380f7dc,0.073963374
eng_53715029162cbc71d384017f02bbc690,0.01936364
eng_33f9d387b2a605a0482d617503962dc1,0.09285216
eng_2cfaf2ccb9429b8ac989475e38fa4248,0.85729086
eng_2a2a6edd94edfce76be97fd2b471dea4,0.15134111
eng_e93116e2dc8284a1953f91a58cdcdd4a,0.11124121
eng_d8e4d682a46e436ea71d7c7df7292196,0.42581412
eng_916f913785fb85e804e9af6d9e2305f0,0.07682221
eng_37cade6b727b8ee9c4c095862ef79f56,0.2798777
eng_7f6c89c5ff7bbc31201806bcf8a5e3aa,0.0415011
eng_deae9d02df531a37e5b4c3b26f02a111,0.024563087
eng_13042d4f6b9ff2d1ac05e73e407f0704,0.3833599
eng_ab6678f4c40eb569da7a7c09812f5f32,0.55704725
eng_d73907522f03c52dc2b27822371737b8,0.97957015
eng_2ac56411b7ece31041fb82cdb2a5e082,0.045522
eng_6cbcff77151357bc5b522cb037e39dbb,0.11736965
eng_a8f09fa1835578fd0a0e631b3e73439f,0.96203625
eng_e2e739c7dc0e8b285c1e2f2dafe52f49,0.26034245
eng_bc025e7d4f82ca52777c89248a924e5a,0.92988735
eng_b4cc0a15434c50a951d63accba430427,0.29896766
eng_6ff9689dbb0012f616c3725cf3a20528,0.024563087
eng_104947d9303e83c560dd0fa61f597c33,0.915356
eng_3d6fd31290a96eb7724bbaa012fdc48e,0.03374837
eng_20bc694c168b9c14c5daa7176676584f,0.6429651
eng_af681b073d7ba0476771e90f40342673,0.013782085
eng_2f761dcca03fb611ebbdb5265f3d3fa5,0.63032943
eng_ce9da0bda39a68ee4df8f61e174f697a,0.09178834
eng_a0d21ea6a9b9f94776f805bdbc947dad,0.90320885
eng_5adf91263a6923785259f00a1b04a4ad,0.9451468
eng_aae449d79c94a45c846ddf79910e5600,0.30683848
eng_ce5ccd918c9897012a18c95a023c9949,0.26616648
eng_289c1c1c61a994560ca71a0ed18692c9,0.9605836
eng_8db1da426e8b328014589657a93ed4a7,0.12215622
eng_c7513cf078e6c3fb091d250197a6c4e2,0.8727817
eng_f859046e5553b519528a2497533e5162,0.43946168
eng_bee382a2000da18d620aeb45c633736c,0.15203224
eng_b8cf8af1e4e89fb6df1980890dfc2a26,0.22151904
eng_c7824334eb352aedf53a99c38fff215c,0.025638297
eng_1f94b59e9a8cf54e37453dc988fd1a2a,0.98283976
eng_4903605d9eb27313817766d9fad88526,0.0145035805
eng_e50c482b7cc22deb080a17b3920463a8,0.95589906
eng_1c84d7974b575f724ddb1767d01c6da3,0.17231108
eng_decaf3d6112b93022f9f8122bc9de853,0.087954745
eng_5fb5ce0e2462c9ed941ab3dece0cd19c,0.12080137
eng_0ac10dc1ebef2e221434effb22c27050,0.025035424
eng_c0a8872c3dff6731d8ded476304d9616,0.83575183
eng_4565d7025dc42f1f117beec09a559dcc,0.77398604
eng_63cab73c73b90168cc3209a18ba9e46a,0.61834484
eng_b4cc78dfd920a5fb8c2cd82615fb2f85,0.027690258
eng_cb5a8d3378f78a13c01fad17cf9e3e96,0.9845458
eng_db5d451c16ec713bf5810756051f35ae,0.15234725
eng_c1e13091e6cf2304ae773ee5f20b58b7,0.5857752
eng_516d5991c6873fc72d28efb9df7aad91,0.96929514
eng_cb9b5eac15923e685a4c0ae752d4d9d2,0.92441523
eng_3edf439b42f24612bf2df2acb3a75266,0.01170984
eng_1fbc1c3ef4877c1052b1d65316002062,0.24953867
eng_ac1f17abe51afd1a2fa80b72571e6806,0.024563087
eng_8596fb2f538e93ed22afba9eac57ab38,0.024191486
eng_108da65a1d709d624d2d955d678e3a5a,0.22533138
eng_65de5601c4d7be15a7a560166d5a4c49,0.14229147
eng_5279555aba8fa5171b7374415dbd8a22,0.87716144
eng_f54a630461940ec289674a15cdb1e304,0.77982527
eng_122a5213a0891c1ea6bc5724cdbd2634,0.92379886
eng_54fdeba170d1785ae2ed0571abe09793,0.29849136
eng_12527a792b53a97a2986c909801780cd,0.87261903
eng_02f18ba8413f0110886b6cbf3a92c19e,0.022286188
eng_3686d7c316110e6593fe4c80c9a7df63,0.19973691
eng_c002662549a236ccce454d284738b7a3,0.16572809
eng_e7613b09c9130342e2dcd51aefa9daa9,0.1725201
eng_d00a1e63fef4114394d617b2f920d782,0.019087432
eng_e8f796f49c713ff83bb55b6927328601,0.33076835
eng_7f4e0286b065a9043be8c649ac49f67d,0.043528136
eng_9fc9bc4322b6e2826175751f33a7d1cc,0.8679338
eng_40a14cc0aacb3b425b17cd24bcbd86c7,0.04038907
eng_2155ef1db544c4e2ce88737b8aa39393,0.92663634
eng_e58f5f71d246b71530cba1f293095d94,0.94994867
eng_8b592b4079af3a314aa8ccc0d97931bc,0.96185756
eng_5360c6bc112db63910d2e66cf4718413,0.061311536
eng_c2b18e927986ea3a44091c1781387f5c,0.95873135
eng_f11fd5d19bb615b8c2f07eccb85f9df4,0.19475038
eng_c5a448cde4119fa8fba893b508ef918a,0.08247537
eng_7279105479cf2c33154fc6b4c3b1291f,0.06791668
eng_79928f506a52729c38b843e68dcf0c21,0.9316493
eng_ed2dc27ea7a5870424fec64110de301b,0.6623871
eng_1c24b4b8e46174f044ebf2142fb5dea4,0.88676405
eng_5162d30270281dbe3b4da9e36be55c80,0.84389514
eng_ec369e9b3189dc29e72ed1503f23236b,0.061199225
eng_f577daccc8e43376a29c31a0a340c80a,0.03317983
eng_803e36312d2cfaecf42f48d754422087,0.011846237
eng_b4f656e9788b61cf52cbf80d40503d37,0.96606
eng_d7c7471be18ebf37dedf3d1e3c1486d5,0.10631887
eng_26031fb0df08f09708d7566a3d4a87dc,0.18646514
eng_bbe730fe6bc3c88082fa5785920ab49e,0.614235
eng_ce0fce3d00c12a8e954799e4b81afec7,0.9843062
eng_11ffebecbab2a70fb952f80ea7eda066,0.96538115
eng_b2f5c07bbc1f88393432376a52c0118a,0.25229192
eng_68a437b672e06325bbff9cb21b56cd5e,0.16620122
eng_699bdb887d3d292ad898c1f61f00ca30,0.09794981
eng_f4585cb7c76a77b2ad0de142f494bd26,0.9368073
eng_20bae50963a9801c459838bfd7e0ac43,0.22126654
eng_366ad02586c656650b4d8cea830491e6,0.108613685
eng_ed2b48d13b07f464deec616ac72a91c6,0.034553625
eng_700fad836d6a0115430f91941a10b40d,0.11333402
eng_8c8b702d5f24c9049dee312fc3539fa7,0.4968834
eng_350998873becb85e7b1ec52fc083305f,0.06816438
eng_056ef015446f84587a8473f6e13c4c3e,0.6068334
eng_c725e8548bf7fde7de7b1554b3dbfb1d,0.46909463
eng_c6c2e01714e6ea85005b5cc9dd9ac74a,0.8818695
eng_da0963300a13fa583be1af902ab8dba5,0.97331697
eng_221dc057689d38c6b2b123da40c32610,0.5822832
eng_5315f80f036e44249408da6c7601c7fe,0.15418486
eng_f588acc33e98f25957c4e3c6b2e80316,0.073563054
eng_d03de8bb69c4fa7f9d2daf183708fb5f,0.3508383
eng_506ad6be49f4781a88019faabf671ab1,0.66562796
eng_b99be66cd802f0ba6866de350d1ee9ff,0.1431877
eng_8d38639d4662e50011052ef04bcbf34e,0.03461884
eng_5d38f9815ddad49475f730b3bc843f5b,0.50343317
eng_e1bae6f5ca2bd0653903011bb9645d96,0.81047887
eng_c65229fb11a05e0ba5de3f456b629295,0.074432954
eng_da7889ae61840bf3d940422341943139,0.1432476
eng_ddeb0875557f0ed4a33c33eb23255f85,0.8067004
eng_ecb665152817a2630c4a668211de48fa,0.9883802
eng_df6a11742462a0a0a67326fab438fe0c,0.7754348
eng_d4d30fc75cf57bb42a3d0948f11c5f07,0.16198196
eng_3664ad4374ca811d2c189ee09f43e3aa,0.15159214
eng_06347e2e2f897b8818270eb9bb6d470a,0.84286314
eng_7c36c088fccb65a2a0aa4b39d66c47a6,0.6641865
eng_68e544b83180936c5eb5c44d5e34263f,0.087252244
eng_51c4b22514b74c739dabcf661ca14eef,0.3955591
eng_8e743c8d85c5aaa98b2c5c373cf73d6c,0.23379382
eng_50d3a7fa883caa517ef2d4d7ae77cc43,0.98715407
eng_621aeb933baf4b9aa503a2fe638131ce,0.7240418
eng_dc65e7223a9ec2b6f494c61368d8a977,0.3246635
eng_703038feebe8d3006444e0ea9733a2f3,0.044806086
eng_20c2c69db3a09174c3624d6df856ce28,0.31997073
eng_7e38dcd190cbce5b64b33529e8af778f,0.45839414
eng_d3b715bcd79d11ff0a1d9d3d175fd9b0,0.2526605
eng_05a9588b21e344051839189313b4a65b,0.23440664
eng_a52de42204e6a09947577aa385087927,0.7806625
eng_56522f6049d654ddce47a7fa5d650106,0.811452
eng_afdc79b42e7576f1c8215df1877b4a09,0.8691048
eng_9cd9cf8e4e88c3fbe63ebe9796339d71,0.21967211
eng_bf976006d8503576c0a6daf14de81187,0.8893368
eng_132e48de0141c31233322174b196cc59,0.09730459
eng_a6b0d5cce80fc94ce263f6a2f54f12f9,0.9817707
eng_1e93c1844e94f253bc01556b659a7ff2,0.16451646
eng_ded53627a9f9fca667295453818f4a3a,0.30151626
eng_ba211acd0620ddfe2b1afc665d85a303,0.6475486
eng_729e8efb2c5cddb8db7445619e74b8b3,0.89024657
eng_ffadbfc15b9760384fc1e9bfe28710dd,0.69984454
eng_92bedb4c41a8ec9c648fa3870d1072b7,0.2245652
eng_89d7a3f6a6e68e0c990ddc0b4c232aa3,0.88268095
eng_eacd2669fcb63a7b86bb334a65fb4083,0.99038494
eng_fd50984e008dc9474ba5c475ddfb71f9,0.8961605
eng_a714d04ca703976ddaf7d1258d2a9056,0.9510968
eng_bba99bb90bde5625dd319feacdae809c,0.73777264
eng_8009c9564a1b905b1aea07f728c95558,0.8626412
eng_77f961c92ba0f79739f9b4be44e095c2,0.24990462
eng_f04b573cc9993e0fadea10af59ea33c4,0.62142605
eng_ebf259a5fc88d9d8d38f7d2c4dd86220,0.26702574
eng_43dc4b615190f9ee4bd8361e697c24c4,0.13167487
eng_31b8ed7fbb57eb7d1ec42aa88acbf2b2,0.96073127
eng_7942e45a3e172cc1f3491c0d159dc07c,0.9797453
eng_7de97894056201ed8909e0c756d5bedb,0.21967211
eng_d9b43692d64c287fff04d38f1cbb5086,0.9563497
eng_b1affc1ab7850180b7be8d40f286a9dc,0.6184924
eng_f31a2a6f52d6f639b50850735414e60e,0.8864204
eng_9296684a8efa09e39c45934d991950d1,0.5791624
eng_10308dc6a57982d5ced835ac8414feda,0.98400164
eng_c6fc62539eade677a8d79b82fd9b5962,0.1612542
eng_b4a4b86345ee06b63daef63788752db0,0.8929365
eng_674cda804599d93c54b68eafb92d3d76,0.9409528
eng_777d055fe233442762d03f27c5a363ed,0.14755519
eng_14040cc20044ac556adafb2f94bbf7d6,0.5697928
eng_81cfd0914aa209bcd30b20ee153d74b1,0.98442644
eng_4445b05c7c3bf825e7ec496fd2fc1672,0.9736196
eng_92d2043d5268b45da3926fb6e5c70244,0.9756467
eng_dbbd397556ca2f48f0672c571ab408a3,0.9697854
eng_4ed5db54e0940f177fae87c094359750,0.9576358
eng_a887141ebc9ef60b2bf3b0068dd55faa,0.9444849
eng_ff133b4e178df42cda7150aa6cf2214f,0.7577944
eng_481ece847d9a20891ab9776924bd5b75,0.7777222
eng_3ead9da0c3e65188c2bb0b8e363d3698,0.9407897
eng_473257b7c9017f96f0c416d09c5ba4d9,0.39960662
eng_8097b37ab5cc5571882a2111ee6a20b0,0.59352094
eng_4dff901027debc3f70eb0d2e0d2c257e,0.7501869
eng_7b753164fcd0b75fd2f3e3de42615e1b,0.83781904
eng_47276025300e8b9744c3239f3f88e04a,0.8509028
eng_c10526da137b4d655fae5a71b67f5596,0.84376645
eng_02c68053c1be2daaa906a45492f77713,0.9610981
eng_6f6772b2fd8d2ddd90e8c8ca7a98d002,0.7981081
eng_f4858e4fdc8b57201e450bc0bf392a9a,0.6706083
eng_d12f80a9177afca75e5db6221bcca576,0.7844842
eng_7685f92f0afb27bbfdc38129ddbcfa9b,0.4001046
eng_42a704fabf8851abd930242c7780f2b8,0.31085128
eng_95def2e8c6b391c3b55b7c119011c204,0.85518724
